14,594,1.0,976243997
14,1721,3.0,976243912
14,2038,3.0,976244179
14,2355,2.0,976244179
14,2683,2.0,976244131
14,2716,3.0,976244313
14,2720,2.0,976244367
14,2861,2.0,976244287
14,3114,4.0,976244591
14,3157,2.0,976244564
14,3354,3.0,976243997
14,3751,4.0,976244205
14,3986,3.0,976244107
14,3988,4.0,976244343
33,19,3.0,1032769612
33,157,1.0,1033543456
33,377,2.0,1032676906
33,532,4.0,1032768899
33,562,4.0,1032859878
33,851,1.0,1032678174
33,908,4.0,1032676906
33,1060,4.0,1032859767
33,1120,4.0,1032766375
33,1186,5.0,1032679370
33,1196,2.0,1032679359
33,1197,4.0,1032679865
33,1198,4.0,1032679359
33,1230,4.0,1032676887
33,1258,5.0,1032679331
33,1259,4.0,1032679449
33,1285,4.0,1032679577
33,1291,4.0,1032679682
33,1347,2.0,1032679990
33,1394,2.0,1032679469
33,1717,3.0,1032769282
33,1760,1.0,1032859270
33,1784,4.0,1033604541
33,1967,2.0,1032679534
33,1974,3.0,1032680083
33,1982,4.0,1032766234
33,1994,5.0,1032679707
33,2005,4.0,1032679843
33,2006,4.0,1032678268
33,2060,3.0,1032860971
33,2064,5.0,1032679359
33,2088,2.0,1032680420
33,2145,4.0,1032678268
33,2170,2.0,1032860951
33,2193,2.0,1032680004
33,2371,4.0,1032679978
33,2395,3.0,1033192223
33,2470,4.0,1032680420
33,2502,5.0,1032858907
33,2541,4.0,1032766168
33,2599,4.0,1032859343
33,2617,2.0,1032859504
33,2689,1.0,1032766852
33,2706,3.0,1032858995
33,2787,4.0,1032680233
33,2793,2.0,1032768775
33,2795,4.0,1032859847
33,2888,2.0,1032859012
33,2891,1.0,1032859119
33,2917,4.0,1032679534
33,2918,4.0,1032679449
33,2926,3.0,1032679887
33,2959,4.0,1032678153
33,2997,4.0,1033604225
33,3007,5.0,1032859587
33,3157,2.0,1032859389
33,3273,2.0,1032769282
33,3298,4.0,1032677550
33,3317,2.0,1032859878
33,3408,3.0,1032677405
33,3481,3.0,1032769523
33,3568,3.0,1032677740
33,3608,4.0,1032679682
33,3747,2.0,1032677346
33,3752,2.0,1034930090
33,3785,3.0,1032769237
33,3794,4.0,1032677485
33,3865,2.0,1032766929
33,3868,4.0,1032860933
33,3893,2.0,1032769543
33,3897,3.0,1032859587
33,3911,5.0,1032769506
33,4016,4.0,1032769543
33,4017,4.0,1032677266
33,4027,2.0,1032676888
33,4247,3.0,1034930190
33,4248,1.0,1032859254
33,4251,4.0,1032677507
33,4333,4.0,1032679936
33,4340,4.0,1034930133
33,4378,3.0,1032677333
33,4388,2.0,1032769250
33,4447,2.0,1033604248
33,4450,5.0,1032677313
33,4452,2.0,1034929996
33,4483,5.0,1032676888
33,4488,2.0,1032679865
33,4502,2.0,1032678282
33,4621,4.0,1032680375
33,4622,3.0,1032767204
33,4641,3.0,1033604322
33,4643,2.0,1032677637
33,4649,4.0,1032859151
33,4652,4.0,1032676792
33,4662,4.0,1032676888
33,4678,3.0,1032678352
33,4718,4.0,1032768802
33,4728,3.0,1034930125
33,4809,3.0,1032679488
33,4878,4.0,1032677282
33,4890,4.0,1032678268
33,4898,4.0,1034930060
33,4929,4.0,1032680332
33,4963,3.0,1032769523
33,4974,3.0,1032858979
33,4975,4.0,1032677541
33,4988,3.0,1032859878
33,5015,4.0,1032676999
33,5106,2.0,1032678432
33,5282,4.0,1032678324
33,5339,4.0,1035340620
33,5483,4.0,1032677082
50,10,4.0,847412607
50,21,3.0,847412676
50,39,2.0,847412692
50,47,3.0,847412643
50,95,3.0,847412837
50,110,4.0,847412607
50,160,3.0,847412712
50,161,4.0,847412607
50,165,4.0,847412543
50,185,3.0,847412606
50,208,3.0,847412606
50,231,1.0,847412567
50,253,3.0,847412628
50,282,3.0,847412811
50,296,4.0,847412515
50,315,3.0,847412812
50,316,3.0,847412567
50,337,3.0,847412859
50,344,2.0,847412544
50,349,3.0,847412567
50,356,4.0,847412567
50,357,4.0,847412692
50,367,4.0,847412643
50,368,4.0,847413071
50,377,3.0,847412643
50,380,3.0,847412515
50,420,3.0,847412692
50,434,3.0,847412586
50,440,4.0,847412711
50,442,3.0,847412812
50,454,3.0,847412628
50,457,3.0,847413020
50,480,4.0,847412586
50,509,3.0,847412812
50,539,3.0,847412676
50,553,3.0,847413043
50,587,3.0,847412659
50,589,5.0,847412628
50,597,3.0,847412659
50,780,4.0,847412879
50,786,3.0,847413043
78,16,5.0,1344470037
78,32,5.0,1274050782
78,39,5.0,1274050940
78,47,4.0,1344469790
78,50,5.0,1274051508
78,110,1.5,1274050758
78,111,3.5,1274050991
78,141,4.0,1274050945
78,150,3.5,1327289203
78,172,5.0,1274046007
78,193,5.0,1344470407
78,253,5.0,1274050895
78,260,5.0,1274050755
78,296,4.5,1274050741
78,316,4.0,1274050827
78,318,5.0,1274050752
78,329,5.0,1274050869
78,345,4.5,1327288678
78,349,4.5,1274051738
78,356,5.0,1274050745
78,364,3.5,1274050816
78,377,4.5,1274050797
78,480,3.5,1274050750
78,500,4.0,1274050831
78,540,4.0,1344470455
78,588,3.5,1274050785
78,589,5.0,1274050763
78,593,4.5,1274050748
78,648,5.0,1274050801
78,736,4.5,1274050821
78,778,4.5,1274051080
78,780,4.0,1274050766
78,788,3.5,1327289197
78,858,4.5,1327288505
78,919,3.5,1274051063
78,924,2.0,1274051008
78,1089,1.0,1274050989
78,1097,3.5,1274050843
78,1136,3.0,1274050885
78,1196,4.0,1274050792
78,1200,4.5,1274050964
78,1206,2.5,1327288495
78,1208,5.0,1274051079
78,1214,3.5,1274050904
78,1222,5.0,1327062981
78,1270,4.5,1274050805
78,1293,5.0,1344470536
78,1320,3.5,1345676342
78,1356,5.0,1274051262
78,1371,4.0,1344470332
78,1374,4.0,1344470035
78,1375,5.0,1327289353
78,1407,4.5,1344469958
78,1517,3.0,1274051802
78,1527,4.0,1274050950
78,1552,4.0,1344470497
78,1580,2.5,1344469730
78,1584,5.0,1274051255
78,1586,3.5,1274046079
78,1610,5.0,1274051089
78,1625,5.0,1344469988
78,1644,4.5,1327288610
78,1676,5.0,1344469919
78,1680,5.0,1356219742
78,1682,3.5,1274051084
78,1690,4.0,1344470446
78,1717,5.0,1327289341
78,1721,4.0,1274050845
78,1732,5.0,1344469830
78,1805,5.0,1274046061
78,1876,5.0,1327288604
78,1917,4.5,1274051067
78,1923,1.5,1274050974
78,1997,4.0,1344470116
78,2011,4.5,1344469836
78,2012,4.0,1274051275
78,2028,2.5,1274050826
78,2107,3.0,1344470388
78,2174,4.0,1344469948
78,2231,4.5,1344470322
78,2297,4.0,1274046142
78,2329,5.0,1274052026
78,2334,5.0,1328046149
78,2336,5.0,1274046041
78,2353,5.0,1328046208
78,2393,4.0,1344470328
78,2394,4.0,1274046086
78,2541,5.0,1327288596
78,2542,4.5,1274051581
78,2571,5.0,1274050787
78,2617,5.0,1327289320
78,2628,5.0,1274050865
78,2657,2.0,1274046002
78,2683,3.5,1274050967
78,2700,5.0,1344469934
78,2706,5.0,1274051060
78,2710,5.0,1274051281
78,2908,5.0,1327288635
78,2916,4.0,1274051279
78,2947,5.0,1345676411
78,2987,4.0,1344469750
78,2995,2.5,1274046172
78,3052,4.0,1344469913
78,3077,5.0,1344470523
78,3082,4.5,1344470341
78,3273,5.0,1327288628
78,3298,4.0,1274051897
78,3386,5.0,1327289236
78,3556,3.0,1344470577
78,3617,4.5,1344470313
78,3755,3.0,1327289233
78,3785,5.0,1327289228
78,3793,4.0,1274050970
78,3897,4.0,1274051784
78,3908,4.5,1344530161
78,3949,5.0,1327063029
78,3967,3.5,1344472522
78,3977,3.5,1344469805
78,3979,4.0,1344471126
78,3986,4.0,1333307515
78,3994,3.5,1327288577
78,3996,4.5,1274050983
78,4007,5.0,1344470392
78,4018,3.5,1344470343
78,4022,3.5,1327288572
78,4128,5.0,1274051637
78,4226,5.0,1274050984
78,4270,5.0,1327288550
78,4306,1.5,1274050890
78,4308,4.5,1344469968
78,4367,5.0,1344470491
78,4369,4.5,1344470449
78,4388,5.0,1344470349
78,4446,4.5,1274046093
78,4641,5.0,1356229145
78,4643,5.0,1327288541
78,4718,4.5,1344470443
78,4744,3.5,1344530365
78,4878,4.0,1274051518
78,4896,2.5,1274051757
78,4973,5.0,1327063019
78,4993,4.5,1274050863
78,4995,4.5,1274051748
78,5010,4.0,1344470040
78,5219,4.5,1344470309
78,5378,5.0,1274051759
78,5418,5.0,1274051563
78,5445,4.5,1274051086
78,5463,3.5,1344530435
78,5502,4.5,1344470149
78,5669,5.0,1344469825
78,5693,4.0,1274046191
78,5784,2.5,1344530420
78,5872,5.0,1344530381
78,5989,4.5,1274051712
78,5992,4.0,1328636458
78,6016,5.0,1327062972
78,6365,5.0,1274051783
78,6377,3.0,1274051715
78,6537,3.5,1327288529
78,6539,3.0,1274051268
78,6552,4.0,1346672082
78,6564,4.5,1344470357
78,6793,4.0,1344518331
78,6796,4.0,1274052032
78,6874,4.0,1274051752
78,6979,5.0,1274051633
78,7153,5.0,1274050980
78,7254,4.0,1344470121
78,7438,4.0,1274051794
78,8361,4.5,1327288726
78,8533,5.0,1344518494
78,8622,5.0,1327289219
78,8644,5.0,1344469996
78,8861,5.0,1327288720
78,8874,4.0,1344469894
78,8947,3.5,1344530363
78,8972,3.5,1344530371
78,26614,5.0,1327063041
78,26712,5.0,1344518298
78,27831,4.5,1327288715
78,33166,5.0,1328651648
78,33493,5.0,1274051716
78,33794,4.0,1327063058
78,34048,2.0,1345676370
78,36529,5.0,1327288988
78,38499,5.0,1328636442
78,39183,5.0,1328636566
78,40815,3.5,1274051816
78,43679,4.5,1344470539
78,44191,3.5,1274051721
78,44555,4.5,1327063006
78,46723,5.0,1344470740
78,48774,4.0,1327289209
78,50658,5.0,1344518302
78,50740,5.0,1344518809
78,50742,5.0,1344518317
78,51935,5.0,1328046198
78,52952,5.0,1344470834
78,54272,4.5,1344470065
78,54286,5.0,1274051523
78,56174,4.5,1327288700
78,58559,5.0,1274051773
78,65130,5.0,1327063126
78,68358,4.0,1344469772
78,70678,4.5,1358634080
78,79132,4.5,1327062958
78,81834,4.5,1344470051
78,88125,4.5,1344469820
78,88129,4.0,1344470072
78,97673,4.5,1352920811
99,1,4.0,938586006
99,17,3.0,938586999
99,28,3.0,938586999
99,47,1.0,938585500
99,50,4.0,938585285
99,110,3.0,947519500
99,154,3.0,938623596
99,160,2.0,938586337
99,170,2.0,938585857
99,208,2.0,938586560
99,296,3.0,938585556
99,316,1.0,938586591
99,318,5.0,947519825
99,357,5.0,938587407
99,367,3.0,938585656
99,377,4.0,938587203
99,380,2.0,938587172
99,455,1.0,938586663
99,457,4.0,938585499
99,468,3.0,938587407
99,480,4.0,938586403
99,497,3.0,938587034
99,509,5.0,938587301
99,546,1.0,938586706
99,588,3.0,938586006
99,593,4.0,938585500
99,595,5.0,938586006
99,608,5.0,938585500
99,733,2.0,947519711
99,750,4.0,938623534
99,838,4.0,938587172
99,898,4.0,938587876
99,899,4.0,938588239
99,900,3.0,938588178
99,902,3.0,938624252
99,903,5.0,938588142
99,904,4.0,938588142
99,908,4.0,938588109
99,909,3.0,938623596
99,912,5.0,938587795
99,913,4.0,938587916
99,914,4.0,938623534
99,918,5.0,938588010
99,923,4.0,938587817
99,928,4.0,938587795
99,951,4.0,938587876
99,953,5.0,938587876
99,968,4.0,938624591
99,969,5.0,938588142
99,1014,2.0,938624708
99,1016,2.0,938588392
99,1017,1.0,938624591
99,1019,2.0,938588290
99,1022,3.0,938588290
99,1025,2.0,938624617
99,1029,3.0,938587916
99,1032,3.0,938588290
99,1035,3.0,938623534
99,1083,2.0,938624591
99,1084,4.0,938624252
99,1103,4.0,938588178
99,1183,3.0,938585037
99,1204,5.0,938623534
99,1207,4.0,938623534
99,1210,4.0,938584975
99,1219,3.0,938623675
99,1233,5.0,938584894
99,1247,3.0,947519573
99,1250,4.0,947519501
99,1276,4.0,938624252
99,1282,3.0,938587916
99,1284,3.0,938587876
99,1304,5.0,938623675
99,1334,2.0,938588358
99,1358,3.0,938585285
99,1393,3.0,938587104
99,1580,3.0,947519657
99,1589,3.0,938585718
99,1617,5.0,938585285
99,1619,5.0,938585094
99,1676,1.0,938585037
99,1721,5.0,938586999
99,1732,3.0,938585613
99,1748,4.0,938549817
99,1920,3.0,938586895
99,1937,3.0,947519573
99,1947,4.0,938623534
99,1948,4.0,938624529
99,1949,3.0,938624252
99,1950,4.0,938623596
99,1951,2.0,947519658
99,2006,3.0,947519629
99,2015,1.0,938623675
99,2018,4.0,938587916
99,2028,4.0,938584894
99,2067,5.0,938624807
99,2080,4.0,938588239
99,2085,3.0,938624708
99,2094,2.0,947519712
99,2096,4.0,938588178
99,2099,4.0,938587980
99,2106,2.0,938584974
99,2126,1.0,938585869
99,2135,1.0,938624708
99,2136,1.0,938624807
99,2160,3.0,947519712
99,2355,4.0,938586074
99,2391,5.0,938585500
99,2393,2.0,942783208
99,2396,3.0,938586999
99,2529,1.0,951000065
99,2539,3.0,938623208
99,2565,3.0,947519597
99,2599,5.0,943444622
99,2677,4.0,938549991
99,2687,3.0,938586006
99,2692,5.0,938549686
99,2761,2.0,950999958
99,2858,5.0,939314422
99,2908,5.0,947519286
99,2912,4.0,942783078
99,2959,3.0,940223140
99,2966,2.0,942783078
99,3125,3.0,950999736
99,3129,4.0,951000163
99,3174,2.0,947519315
99,3186,2.0,948412004
99,3298,2.0,953399961
99,3408,4.0,1015037861
99,3578,1.0,1015038047
99,3783,3.0,963871870
99,3897,3.0,970943910
99,3910,5.0,982280677
99,3911,3.0,1015037811
99,3948,2.0,1015038093
99,4019,3.0,1044786615
99,4022,3.0,982280624
99,4033,2.0,1015037795
99,4034,5.0,982280553
99,4226,4.0,1015037725
99,4246,4.0,1015037951
99,4380,5.0,1044786697
99,4641,5.0,1015037824
99,4881,4.0,1044786543
99,4973,5.0,1015037811
99,4993,5.0,1044786919
99,4995,5.0,1015037662
99,5013,4.0,1015037662
99,5349,4.0,1025915895
99,5952,4.0,1044786919
99,5991,5.0,1044754204
121,1,4.0,833058442
121,6,4.0,833058704
121,10,3.0,833058428
121,11,4.0,833058545
121,17,5.0,833058557
121,34,5.0,833058465
121,39,4.0,836906043
121,40,5.0,833059219
121,95,4.0,833058545
121,105,3.0,833058633
121,125,3.0,833059070
121,150,4.0,833058355
121,153,3.0,833058390
121,161,4.0,833058428
121,163,5.0,833058714
121,165,3.0,833058390
121,198,5.0,833058929
121,203,4.0,833058843
121,215,4.0,833058980
121,222,4.0,833058843
121,223,4.0,833058645
121,249,4.0,833058885
121,253,3.0,833058442
121,281,5.0,833058875
121,293,5.0,833058599
121,296,5.0,833058355
121,300,4.0,833058442
121,307,5.0,833058929
121,315,5.0,833058518
121,318,5.0,833058414
121,329,4.0,833058414
121,339,3.0,833058428
121,345,5.0,833058775
121,348,3.0,833058704
121,349,4.0,833058390
121,356,4.0,833059029
121,357,4.0,836906137
121,364,4.0,833058633
121,377,4.0,836906063
121,380,4.0,833058355
121,440,5.0,833058714
121,442,4.0,833058843
121,454,3.0,833058645
121,457,4.0,833058489
121,468,4.0,833058704
121,475,4.0,833059235
121,497,5.0,833059219
121,515,5.0,833058894
121,527,5.0,833059235
121,539,3.0,836906092
121,551,4.0,833058866
121,553,3.0,833058545
121,588,4.0,833058390
121,589,5.0,836906063
121,590,4.0,833058355
121,592,4.0,833058354
121,593,4.0,833058489
121,595,4.0,833058414
121,597,3.0,836906141
121,610,3.0,833058905
121,780,5.0,836905940
126,1,5.0,833286470
126,2,3.0,833286607
126,10,3.0,833286456
126,34,3.0,833286506
126,39,3.0,833286550
126,48,3.0,833286654
126,58,4.0,833286795
126,95,3.0,833286594
126,153,4.0,833286421
126,160,3.0,833286550
126,185,3.0,833286470
126,186,2.0,833286594
126,207,3.0,833286795
126,208,3.0,833286470
126,231,4.0,833286440
126,246,4.0,833286688
126,252,3.0,833286577
126,256,3.0,833286643
126,292,4.0,833286456
126,316,3.0,833286440
126,317,3.0,833286506
126,344,4.0,833286421
126,349,4.0,833286421
126,356,4.0,833286916
126,362,3.0,833286940
126,364,4.0,833286624
126,368,4.0,833287094
126,377,4.0,833286957
126,410,4.0,833286488
126,421,2.0,833286978
126,435,3.0,833286550
126,440,4.0,833286688
126,454,3.0,833286624
126,455,2.0,833287220
126,457,4.0,833286524
126,474,5.0,833286996
126,480,5.0,833286940
126,497,4.0,833287056
126,500,4.0,833287015
126,529,4.0,833287141
126,531,3.0,833287311
126,539,4.0,833287219
126,588,5.0,833286421
126,589,5.0,833286916
126,590,3.0,833286399
126,592,4.0,833286399
126,593,4.0,833286506
126,594,3.0,833287296
126,596,4.0,833287296
126,736,3.0,833287194
128,2,4.0,1049685256
128,3,2.0,1049682634
128,4,3.0,1049682515
128,7,5.0,1049683873
128,8,4.0,1049685242
128,25,2.0,1049683567
128,39,4.0,1049683567
128,45,5.0,1049682646
128,47,5.0,1049683132
128,48,5.0,1049683855
128,60,3.0,1049690251
128,79,5.0,1049683456
128,89,5.0,1049683332
128,93,1.0,1049684039
128,110,5.0,1049683003
128,111,1.0,1049682562
128,145,4.0,1049684584
128,153,3.0,1049684855
128,160,4.0,1049684855
128,168,4.0,1049683955
128,170,5.0,1049683282
128,217,2.0,1049683476
128,225,3.0,1049683383
128,239,3.0,1049690067
128,253,1.0,1049682729
128,257,5.0,1049683504
128,258,2.0,1049684039
128,266,5.0,1049683032
128,273,2.0,1049682822
128,313,4.0,1049690067
128,317,5.0,1049690269
128,340,5.0,1049685213
128,350,4.0,1049683309
128,356,5.0,1049682548
128,364,5.0,1049690031
128,377,5.0,1049683587
128,380,4.0,1049683651
128,420,5.0,1049684979
128,434,5.0,1049684794
128,455,4.0,1049689862
128,509,5.0,1049683680
128,516,5.0,1049683062
128,517,2.0,1049684701
128,527,5.0,1049683003
128,539,5.0,1049683603
128,552,3.0,1049684687
128,558,3.0,1049684826
128,587,5.0,1049683716
128,588,5.0,1049690334
128,593,5.0,1049683132
128,597,5.0,1049683603
128,605,4.0,1049683889
128,628,5.0,1049683151
128,662,4.0,1049683325
128,673,4.0,1049685256
128,724,3.0,1049682807
128,733,5.0,1049683179
128,736,5.0,1049683266
128,780,5.0,1049683032
128,782,3.0,1049683439
128,783,5.0,1049690067
128,788,4.0,1049683889
128,802,4.0,1049683674
128,891,2.0,1049683456
128,1015,5.0,1049685213
128,1022,4.0,1049690967
128,1028,5.0,1049690908
128,1029,4.0,1049691020
128,1030,5.0,1049690439
128,1031,5.0,1049690439
128,1032,5.0,1049690967
128,1035,5.0,1049690908
128,1049,4.0,1049684733
128,1064,3.0,1049690086
128,1088,5.0,1049690378
128,1092,4.0,1049683249
128,1100,3.0,1049683972
128,1183,1.0,1049683032
128,1210,5.0,1049682515
128,1265,2.0,1049683548
128,1282,2.0,1049691020
128,1377,4.0,1049684769
128,1380,5.0,1049690439
128,1391,2.0,1049684916
128,1393,5.0,1049683587
128,1407,4.0,1049682729
128,1438,4.0,1049683309
128,1457,3.0,1049683751
128,1479,4.0,1049683360
128,1487,5.0,1049690334
128,1488,4.0,1049683062
128,1513,4.0,1049682539
128,1518,4.0,1049683351
128,1541,3.0,1049683768
128,1544,3.0,1049683326
128,1552,5.0,1049682623
128,1566,5.0,1049690067
128,1569,4.0,1049683674
128,1573,5.0,1049683179
128,1580,4.0,1049685213
128,1586,5.0,1049683042
128,1608,3.0,1049683220
128,1615,4.0,1049683231
128,1616,5.0,1049683062
128,1617,2.0,1049682679
128,1644,3.0,1049682807
128,1667,3.0,1049684733
128,1687,3.0,1049683351
128,1688,5.0,1049690067
128,1717,2.0,1049682780
128,1721,5.0,1049683567
128,1760,3.0,1049690354
128,1777,4.0,1049683603
128,1866,3.0,1049684794
128,1876,2.0,1049684762
128,1889,2.0,1049683204
128,1892,4.0,1049683249
128,1895,5.0,1049683587
128,1947,4.0,1049690908
128,2006,3.0,1049683738
128,2078,5.0,1049690908
128,2080,5.0,1049690967
128,2081,5.0,1049690378
128,2087,4.0,1049690967
128,2088,4.0,1049690395
128,2096,5.0,1049690967
128,2106,4.0,1049683033
128,2114,5.0,1049682562
128,2126,4.0,1049683439
128,2137,5.0,1049682572
128,2142,3.0,1049690086
128,2162,4.0,1049689902
128,2166,4.0,1049683835
128,2291,5.0,1049683620
128,2316,4.0,1049683907
128,2353,4.0,1049683166
128,2355,5.0,1049690048
128,2385,3.0,1049683929
128,2485,5.0,1049683651
128,2490,3.0,1049683204
128,2540,4.0,1049683326
128,2548,1.0,1049682865
128,2572,5.0,1049683603
128,2581,3.0,1049683701
128,2605,4.0,1049683309
128,2620,4.0,1049683701
128,2628,4.0,1049684749
128,2671,5.0,1049683620
128,2688,3.0,1049683467
128,2707,5.0,1049683249
128,2710,1.0,1049682795
128,2719,3.0,1049682759
128,2722,2.0,1049684817
128,2762,5.0,1049683132
128,2805,5.0,1049683920
128,2806,4.0,1049683282
128,2840,5.0,1049683282
128,2841,5.0,1049683166
128,2881,4.0,1049683408
128,2888,5.0,1049683873
128,2906,3.0,1049683920
128,2978,3.0,1049683651
128,3005,1.0,1049683266
128,3081,4.0,1049683805
128,3107,5.0,1049684713
128,3114,5.0,1049690031
128,3147,5.0,1049682660
128,3159,1.0,1049690048
128,3185,3.0,1049690613
128,3285,3.0,1049690808
128,3298,3.0,1049690695
128,3299,3.0,1049690847
128,3400,3.0,1049690102
128,3418,4.0,1049684584
128,3489,4.0,1049685256
128,3528,4.0,1049683716
128,3535,1.0,1049684340
128,3553,4.0,1049684436
128,3554,4.0,1049684105
128,3555,2.0,1049684373
128,3556,3.0,1049690644
128,3578,5.0,1049685053
128,3594,4.0,1049690750
128,3615,2.0,1049690152
128,3675,3.0,1049690988
128,3709,1.0,1049682846
128,3717,5.0,1049685113
128,3743,5.0,1049684216
128,3753,4.0,1049683086
128,3798,5.0,1049684359
128,3824,2.0,1049684260
128,3825,5.0,1049690710
128,3897,3.0,1049690481
128,3908,2.0,1049682975
128,3953,2.0,1049684289
128,3977,3.0,1049685075
128,3978,4.0,1049684186
128,3980,4.0,1049690622
128,3993,4.0,1049690662
128,3998,4.0,1049690570
128,3999,5.0,1049685145
128,4016,2.0,1049690140
128,4022,4.0,1049689958
128,4023,4.0,1049684131
128,4039,5.0,1049690378
128,4052,4.0,1049682539
128,4054,5.0,1049684159
128,4056,4.0,1049690750
128,4155,4.0,1049684216
128,4161,4.0,1049685113
128,4238,4.0,1049684373
128,4246,3.0,1049684142
128,4299,4.0,1049685113
128,4306,5.0,1049690140
128,4308,5.0,1049690302
128,4310,5.0,1049683099
128,4344,4.0,1049685126
128,4369,5.0,1049684373
128,4372,3.0,1049684216
128,4388,1.0,1049682951
128,4448,4.0,1049685075
128,4639,3.0,1049684159
128,4699,4.0,1049684505
128,4720,5.0,1049682921
128,4727,1.0,1049683099
128,4745,3.0,1049690695
128,4756,2.0,1049685166
128,4814,5.0,1049684390
128,4821,5.0,1049689981
128,4823,4.0,1049684120
128,4865,2.0,1049682909
128,4867,5.0,1049690794
128,4878,4.0,1049684082
128,4896,4.0,1049689958
128,4901,5.0,1049684340
128,4903,3.0,1049690516
128,4951,4.0,1049683220
128,4963,5.0,1049685053
128,4973,5.0,1049684082
128,4977,3.0,1049690695
128,4979,3.0,1049690580
128,4993,5.0,1049689958
128,5010,1.0,1049683086
128,5013,1.0,1049690547
128,5014,4.0,1049690599
128,5066,4.0,1049684216
128,5106,4.0,1049684289
128,5108,5.0,1049684359
128,5151,5.0,1049684159
128,5159,5.0,1049690086
128,5164,4.0,1049690110
128,5266,4.0,1049684359
128,5296,3.0,1049684271
128,5312,4.0,1049684359
128,5349,3.0,1049685053
128,5387,4.0,1049684468
128,5415,4.0,1049690710
128,5444,5.0,1049690140
128,5524,4.0,1049684171
128,5612,4.0,1049684545
128,5630,5.0,1049684321
128,5677,3.0,1049684537
128,5679,5.0,1049682909
128,5693,2.0,1049690439
128,5810,4.0,1049690588
128,5872,1.0,1049685126
128,5952,5.0,1049689958
128,5954,3.0,1049690674
128,5957,5.0,1049684171
128,5970,5.0,1049683889
128,5991,5.0,1049690302
128,5992,4.0,1049684082
128,6155,5.0,1049684186
128,6316,1.0,1049690439
134,1,3.5,1361244876
134,2,4.5,1361245855
134,5,1.0,1361244162
134,10,4.0,1361245744
134,16,4.0,1361245969
134,19,2.0,1361245876
134,29,5.0,1361244735
134,32,4.5,1361244318
134,36,4.0,1361245841
134,39,3.5,1361245791
134,47,4.5,1361245167
134,110,3.0,1361245653
134,141,5.0,1361245810
134,145,1.0,1361244182
134,153,3.0,1361246182
134,165,4.0,1361246178
134,196,2.0,1361244165
134,231,2.5,1361245725
134,253,4.0,1361245770
134,260,3.5,1361245346
134,292,4.5,1361245780
134,293,5.0,1361245227
134,296,4.5,1361245254
134,316,4.5,1361245717
134,317,2.5,1361246029
134,318,4.0,1361245496
134,319,4.5,1361246780
134,329,4.0,1361245761
134,342,4.0,1361244190
134,356,4.0,1361245469
134,364,3.0,1361246175
134,367,2.0,1361246185
134,440,4.0,1361245940
134,457,4.5,1361245658
134,480,5.0,1361244829
134,485,2.0,1361244151
134,494,3.0,1361244172
134,500,4.0,1361245714
134,539,3.5,1361245759
134,551,5.0,1361245119
134,552,2.0,1361244168
134,586,2.5,1361245768
134,587,3.5,1361245754
134,588,3.0,1361245676
134,592,4.0,1361245665
134,593,5.0,1361245451
134,597,3.0,1361245727
134,608,4.5,1361245683
134,648,4.5,1361245694
134,708,4.0,1361246034
134,736,4.5,1361245707
134,778,4.5,1361245287
134,780,4.5,1361245661
134,924,4.0,1361244392
134,950,2.5,1361245321
134,1036,3.5,1361245315
134,1041,4.5,1361245448
134,1079,5.0,1361244502
134,1094,3.5,1361244188
134,1127,4.0,1361245079
134,1136,5.0,1361244634
134,1175,4.5,1361245258
134,1193,4.5,1361245538
134,1197,4.0,1361245241
134,1198,5.0,1361245317
134,1199,4.5,1361245323
134,1200,5.0,1361244548
134,1208,3.0,1361245847
134,1210,4.5,1361245231
134,1215,4.0,1361245114
134,1219,4.5,1361245942
134,1220,4.0,1361245638
134,1233,2.5,1361244155
134,1240,5.0,1361245348
134,1246,3.5,1361245921
134,1247,4.0,1361246026
134,1249,5.0,1361245566
134,1257,4.0,1361246755
134,1258,4.5,1361245265
134,1259,4.0,1361245907
134,1261,3.5,1361245133
134,1265,3.5,1361245107
134,1270,4.0,1361245236
134,1275,3.0,1361244819
134,1285,5.0,1361244815
134,1291,5.0,1361244571
134,1350,4.0,1361246284
134,1356,4.0,1361245916
134,1370,4.0,1361246076
134,1374,4.0,1361245275
134,1376,4.0,1361244145
134,1380,2.5,1361246019
134,1387,4.5,1361245872
134,1391,4.5,1361245977
134,1394,4.5,1361245198
134,1407,4.5,1361245983
134,1517,4.0,1361245835
134,1527,4.5,1361245150
134,1573,3.5,1361245956
134,1580,4.5,1361245709
134,1584,3.5,1361245898
134,1610,4.0,1361245881
134,1653,4.0,1361245961
134,1663,4.5,1361246843
134,1676,4.0,1361246089
134,1721,3.0,1361245711
134,1748,4.5,1361245204
134,1921,4.0,1361246998
134,1961,4.0,1361245795
134,1968,4.0,1361244798
134,1997,4.5,1361245251
134,2001,3.0,1361244148
134,2010,4.0,1361245339
134,2011,3.5,1361245934
134,2012,3.5,1361245906
134,2054,3.0,1361245975
134,2072,3.0,1361244270
134,2100,3.0,1361244186
134,2115,5.0,1361244574
134,2132,5.0,1361245435
134,2144,4.5,1361246955
134,2160,4.0,1361245556
134,2174,5.0,1361244489
134,2302,4.0,1361246094
134,2355,3.0,1361245894
134,2492,3.0,1361244382
134,2502,4.0,1361245071
134,2504,4.5,1361244387
134,2571,4.0,1361245337
134,2572,3.0,1361244291
134,2580,4.0,1361246917
134,2599,5.0,1361246976
134,2617,3.5,1361245986
134,2628,4.0,1361245740
134,2640,4.0,1361246047
134,2664,4.0,1361246291
134,2683,5.0,1361245802
134,2692,4.5,1361246015
134,2710,4.5,1361245914
134,2716,4.5,1361244865
134,2762,4.5,1361245343
134,2797,3.5,1361245927
134,2804,4.5,1361245467
134,2858,4.0,1361245681
134,2916,4.5,1361245911
134,2918,5.0,1361245273
134,2947,4.5,1361244879
134,2959,4.0,1361245193
134,2985,4.0,1361246745
134,2987,4.5,1361245860
134,2997,4.5,1361245214
134,3052,4.0,1361246037
134,3095,3.0,1361245531
134,3101,4.0,1361244178
134,3114,3.5,1361245129
134,3175,4.5,1361244157
134,3253,4.0,1361246747
134,3471,4.5,1361245249
134,3476,4.5,1361246347
134,3499,4.0,1361245185
134,3527,4.5,1361245137
134,3546,4.5,1361246695
134,3578,3.0,1361245074
134,3623,4.0,1361245997
134,3671,4.5,1361244873
134,3676,4.5,1361246392
134,3702,4.5,1361246719
134,3751,3.5,1361246024
134,3793,4.5,1361245788
134,3868,4.5,1361246775
134,3977,3.0,1361246008
134,4011,4.0,1361245126
134,4027,5.0,1361245134
134,4034,4.0,1361245994
134,4128,4.5,1361246435
134,4226,5.0,1361245237
134,4262,4.0,1361245147
134,4343,5.0,1361244590
134,4427,4.5,1361245417
134,4833,4.5,1361246390
134,4878,4.5,1361245165
134,4886,3.0,1361244834
134,4896,4.0,1361246057
134,4963,4.5,1361245862
134,4979,4.5,1361247011
134,4993,3.0,1361245076
134,5294,4.0,1361246356
134,5378,4.0,1361246062
134,5528,4.5,1361246669
134,5782,5.0,1361244688
134,5952,3.0,1361245069
134,6235,4.5,1361245563
134,6323,5.0,1361246401
134,6365,4.0,1361246050
134,6377,3.0,1361244810
134,6379,4.0,1361244604
134,6502,4.5,1361244435
134,6539,3.0,1361244837
134,6755,4.5,1361246471
134,6807,5.0,1361244643
134,7104,3.5,1361244363
134,7153,3.0,1361245067
134,7438,5.0,1361245173
134,7444,1.5,1361244337
134,8169,3.5,1361244279
134,8464,4.0,1361246742
134,8810,4.0,1361246386
134,8874,4.5,1361245123
134,8950,4.5,1361246646
134,8961,3.0,1361244869
134,27751,3.5,1361244267
134,33004,5.0,1361244658
134,33794,3.0,1361245093
134,40732,5.0,1361244531
134,48394,5.0,1361244748
134,48516,4.0,1361244808
134,48774,4.5,1361245217
134,49272,4.5,1361244801
134,51255,4.0,1361245109
134,53000,4.5,1361244438
134,53468,4.5,1361246394
134,53953,5.0,1361244346
134,55820,4.0,1361245196
134,56757,2.5,1361246377
134,58559,2.5,1361245099
134,59315,4.5,1361244827
134,59387,4.5,1361246730
134,59615,4.0,1361244568
134,60069,3.0,1361244853
134,62049,4.5,1361244367
134,66934,2.0,1361245355
134,68157,5.0,1361245488
134,68237,4.5,1361245186
134,68358,4.0,1361244848
134,68954,4.5,1361245434
134,71535,5.0,1361246441
134,74324,4.0,1361245607
134,76093,4.0,1361245512
134,76251,4.0,1361247081
134,78499,3.0,1361245454
134,79132,4.5,1361245301
134,83134,4.5,1361246337
134,88125,4.0,1361245571
134,91529,1.0,1361244804
134,93510,4.5,1361244409
134,93840,5.0,1361244516
134,94959,3.5,1361245472
134,96079,5.0,1361244666
134,96610,2.0,1361244831
134,97757,2.0,1361244263
134,99114,4.5,1361245398
139,318,3.5,1066860904
139,342,4.5,1066860617
139,480,4.5,1066861186
139,541,4.0,1066861224
139,589,3.0,1066861159
139,785,2.5,1066860664
139,852,2.5,1066860594
139,1011,3.5,1066861087
139,1097,4.5,1066861156
139,1196,5.0,1066861128
139,1206,2.5,1066861232
139,1210,5.0,1066861138
139,1240,4.0,1066861175
139,1242,3.0,1066860858
139,1258,4.5,1066860569
139,1270,4.0,1066861118
139,1461,2.5,1066861049
139,1580,3.5,1066861243
139,1653,3.5,1066860612
139,1704,4.5,1066860897
139,1917,0.5,1066860579
139,1968,3.5,1066860861
139,2011,4.0,1066860601
139,2100,2.0,1066860669
139,2174,3.0,1066860559
139,2268,5.0,1066860609
139,2302,3.5,1066860675
139,2324,5.0,1066860586
139,2529,3.0,1066861192
139,2571,4.5,1066861121
139,2712,2.0,1066860605
139,2791,2.0,1066860946
139,2804,5.0,1066860658
139,2916,4.0,1066861215
139,2918,3.0,1066860979
139,3098,4.0,1066860886
139,3147,4.5,1066860820
139,3386,4.5,1066860900
139,3408,4.5,1066860638
139,3471,4.0,1066861168
139,3994,3.5,1066861206
139,4226,4.5,1066860833
139,4247,0.5,1066861031
139,4290,3.0,1066861058
139,4394,3.0,1066861052
139,4532,0.5,1066861066
139,4929,1.0,1066861099
139,5054,3.5,1066861201
139,5308,4.5,1066861006
139,5349,3.5,1066861152
139,5360,3.5,1066861002
139,5377,4.0,1066860838
139,5445,4.5,1066861132
139,5502,4.0,1066861171
139,5989,4.0,1066860827
139,6796,5.0,1066860848
231,50,5.0,977005387
231,296,5.0,977005223
231,357,4.0,977004911
231,593,3.0,977005387
231,608,5.0,977005223
231,903,4.0,977005465
231,904,5.0,977005465
231,908,4.0,977005387
231,1089,4.0,977005429
231,1200,3.0,977005465
231,1213,5.0,977005223
231,1221,4.0,977004941
231,1240,5.0,977005465
231,1252,3.0,977005387
231,1267,5.0,977005429
231,1617,3.0,977005387
231,1625,3.0,977004941
231,1834,4.0,977005540
231,2183,3.0,977004875
231,2762,5.0,977005495
231,2858,5.0,977005223
231,3515,4.0,977005286
231,3546,3.0,977005540
231,3751,4.0,977005286
231,3897,5.0,977005012
231,3911,5.0,977005012
231,3948,3.0,977005057
238,231,3.0,1459368758
238,318,3.5,1459365344
238,480,3.5,1459368104
238,527,3.0,1459365348
238,593,3.5,1459365430
238,1203,3.0,1459365520
238,1265,3.5,1459365485
238,1307,4.5,1459365437
238,1721,4.5,1459365489
238,2424,3.0,1459365613
238,2706,3.0,1459368656
238,3147,3.5,1459365410
238,3949,1.5,1459365474
238,4025,4.0,1459365549
238,4246,2.0,1459365555
238,4447,2.5,1459365553
238,4700,4.0,1459365696
238,5445,5.0,1459368216
238,5995,3.0,1459365450
238,6218,4.0,1459365619
238,6942,2.5,1459365532
238,7254,4.0,1459365492
238,8464,2.0,1459368738
238,8529,3.5,1459368499
238,31685,4.5,1459365536
238,33145,3.0,1459366339
238,34162,4.0,1459368514
238,40629,4.0,1459365565
238,43744,4.0,1459366702
238,44191,3.5,1459368123
238,45720,3.5,1459368498
238,47610,4.5,1459368367
238,49286,2.5,1459365691
238,51084,2.0,1459365766
238,55247,3.5,1459365444
238,55269,3.0,1459365677
238,56367,3.5,1459365480
238,57669,3.0,1459368375
238,58998,4.0,1459368784
238,60950,4.0,1459365681
238,64969,3.0,1459365578
238,69757,4.0,1459368365
238,74154,3.5,1459366320
238,74458,5.0,1459368146
238,74946,2.0,1459366291
238,79132,2.0,1459365422
238,80549,5.0,1459368731
238,81845,3.0,1459365462
238,85414,3.5,1459368358
238,86882,4.0,1459368512
238,88163,2.5,1459445378
238,88405,3.5,1459365680
238,90576,3.5,1459366330
238,92259,3.5,1459365356
238,95088,5.0,1459365727
238,97921,4.5,1459368344
238,99114,4.5,1459368103
238,104374,5.0,1459365542
238,106782,4.5,1459365457
238,108729,4.0,1459365771
238,109483,3.0,1459366324
238,115569,4.5,1459368335
238,148626,3.0,1459365379
238,148956,4.0,1459366931
245,22,3.0,1011238620
245,36,4.0,1012187265
245,46,3.0,1011238743
245,47,2.0,1011319164
245,50,4.0,1011318662
245,62,5.0,1011238743
245,219,4.0,1011317486
245,246,4.0,1011318757
245,296,2.0,1011319008
245,356,5.0,1011237948
245,412,2.0,1011316949
245,527,5.0,1011318686
245,556,5.0,1011238790
245,588,1.0,1011317535
245,590,5.0,1011319038
245,733,5.0,1012191706
245,858,5.0,1011318713
245,909,4.0,1011317711
245,1008,4.0,1011318975
245,1073,5.0,1011319291
245,1092,3.0,1011238606
245,1094,3.0,1011318090
245,1097,5.0,1011238160
245,1104,3.0,1011317452
245,1120,4.0,1012105157
245,1207,4.0,1011317228
245,1208,3.0,1011317261
245,1225,5.0,1012187240
245,1228,5.0,1011318292
245,1252,5.0,1011319038
245,1358,4.0,1012187337
245,1393,5.0,1011318514
245,1408,4.0,1011850123
245,1608,4.0,1011318388
245,1610,5.0,1011238014
245,1625,5.0,1011318090
245,1653,4.0,1011316854
245,1682,5.0,1011238654
245,1684,3.0,1011318446
245,1704,5.0,1011317334
245,1721,5.0,1011237984
245,1732,4.0,1011849984
245,1954,5.0,1011238141
245,2028,5.0,1011317228
245,2054,3.0,1011319358
245,2058,5.0,1011847874
245,2268,5.0,1011317387
245,2324,5.0,1011317415
245,2340,4.0,1012187307
245,2359,5.0,1011238558
245,2396,5.0,1011317297
245,2427,3.0,1011318002
245,2447,3.0,1011318214
245,2571,5.0,1011316822
245,2672,4.0,1011848389
245,2692,3.0,1011238866
245,2712,5.0,1011319314
245,2762,5.0,1011316822
245,2858,5.0,1011317486
245,2959,5.0,1011317774
245,2997,5.0,1011317516
245,3174,4.0,1011851839
245,3176,3.0,1011318468
245,3178,4.0,1011317885
245,3183,4.0,1011847934
245,3186,5.0,1011317828
245,3255,4.0,1011319222
245,3408,4.0,1011317797
245,3421,3.0,1011317372
245,3450,4.0,1011850225
245,3507,4.0,1011848836
245,3556,1.0,1011318180
245,3566,5.0,1012105157
245,3578,5.0,1012191817
245,3753,5.0,1012191817
245,3755,1.0,1011411744
245,3798,2.0,1011411608
245,3897,5.0,1011319135
245,3916,4.0,1011317727
245,3949,1.0,1011318121
245,3980,5.0,1011317903
245,3996,2.0,1011317334
245,4011,3.0,1011319405
245,4019,3.0,1012192045
245,4034,3.0,1011317261
245,4226,4.0,1011317261
245,4239,4.0,1011319386
245,4262,3.0,1011317441
245,4308,5.0,1011238408
245,4371,1.0,1011317057
245,4452,2.0,1011238408
245,4857,2.0,1011317697
245,4890,5.0,1011238328
245,4901,5.0,1011238301
245,4975,5.0,1011238328
245,4993,4.0,1011238285
245,4995,4.0,1011238285
245,6474,2.0,1011848070
260,69,3.0,1207885633
260,231,3.5,1207985639
260,260,5.0,1207887858
260,329,5.0,1207985668
260,356,4.0,1207985437
260,367,2.0,1207985628
260,379,3.5,1207885410
260,590,4.0,1207887734
260,765,4.0,1207885529
260,1194,3.5,1207886026
260,1196,5.0,1207985383
260,1240,4.5,1207985596
260,1265,5.0,1207985684
260,1409,4.0,1207885371
260,1620,3.5,1207885599
260,1704,5.0,1207985573
260,1961,3.5,1207985516
260,1981,3.0,1207886256
260,2109,2.5,1207885307
260,2269,2.5,1207885933
260,2571,5.0,1207887760
260,2716,3.0,1207985242
260,2959,2.5,1207985204
260,3578,5.0,1207985605
260,4022,2.0,1207985538
260,4084,3.0,1207885859
260,4220,3.5,1207886304
260,4224,3.0,1207886420
260,4995,2.5,1207985091
260,5378,5.0,1207985646
260,6539,5.0,1207985166
260,6711,2.0,1207985216
260,33493,5.0,1207985266
260,44191,5.0,1207985132
260,45722,3.5,1207985291
274,22,2.5,1074104221
274,198,3.5,1074104320
274,293,4.0,1074104702
274,296,4.0,1074104982
274,319,4.0,1074104970
274,543,2.5,1074104236
274,555,3.5,1074104991
274,608,5.0,1074105023
274,778,4.0,1074105201
274,1089,4.0,1074105193
274,1199,4.0,1074104212
274,1215,4.0,1074105147
274,1241,4.0,1074105555
274,1242,3.0,1074104223
274,1449,4.0,1074105144
274,1653,4.0,1074104999
274,1676,3.0,1074104182
274,1682,3.0,1074104722
274,1732,5.0,1074105318
274,2012,3.5,1074104140
274,2054,3.0,1074104312
274,2268,2.0,1074104150
274,2502,3.0,1074104860
274,2617,2.5,1074104277
274,2858,3.5,1074104867
274,2890,4.5,1074104842
274,2959,4.0,1074104698
274,2997,3.5,1074105003
274,3265,3.5,1074105196
274,3471,2.0,1074104310
274,3481,4.0,1074104265
274,4306,3.0,1074104286
287,1,5.0,1469161081
287,2,5.0,1469162190
287,13,4.5,1470167166
287,316,5.0,1469161856
287,364,4.5,1469163110
287,484,3.5,1470168942
287,589,5.0,1469161033
287,595,5.0,1469162267
287,616,4.5,1470167200
287,648,5.0,1469161613
287,653,5.0,1470166428
287,780,5.0,1469162045
287,955,5.0,1470166886
287,1010,4.0,1470169012
287,1011,4.0,1470169027
287,1015,4.0,1470168974
287,1018,4.5,1470168987
287,1022,4.5,1469163185
287,1196,4.0,1469160994
287,1197,5.0,1469161993
287,1198,5.0,1469160996
287,1210,5.0,1469161004
287,1234,5.0,1470168859
287,1240,5.0,1469161060
287,1246,4.5,1469162099
287,1252,4.5,1470166585
287,1262,5.0,1470168877
287,1283,5.0,1470168552
287,1291,5.0,1469161018
287,1356,5.0,1469222872
287,1367,4.0,1470168991
287,1580,5.0,1469162019
287,1676,5.0,1469161803
287,1682,5.0,1469162298
287,1911,4.5,1469754178
287,1917,4.0,1469162244
287,1945,4.5,1470166613
287,2015,4.5,1470169003
287,2051,4.0,1470169021
287,2058,4.5,1469161713
287,2080,4.5,1469163178
287,2085,5.0,1469163184
287,2105,4.0,1470169326
287,2176,4.5,1470166829
287,2392,3.5,1470166986
287,2394,3.0,1469754188
287,2501,5.0,1469754171
287,2525,3.5,1470166928
287,2549,4.0,1469161829
287,2571,5.0,1469160999
287,2628,4.0,1469162091
287,2699,4.0,1470166863
287,2713,3.5,1470166917
287,2761,5.0,1469163419
287,2846,4.0,1470168962
287,3114,5.0,1469162089
287,3157,4.0,1469754224
287,3256,4.0,1469754337
287,3287,3.5,1470167205
287,3494,4.5,1470168569
287,3623,3.5,1469161630
287,3672,3.5,1470168915
287,3674,3.5,1470168935
287,3751,5.0,1469162268
287,3981,4.0,1469754268
287,3988,4.0,1469754201
287,4027,5.0,1469162103
287,4306,3.5,1469161478
287,4327,5.0,1470168577
287,4638,4.0,1469162375
287,4795,5.0,1470168816
287,4802,5.0,1470168822
287,4886,5.0,1469161131
287,4993,5.0,1469161022
287,5108,5.0,1470168622
287,5349,5.0,1469161999
287,5378,4.0,1469162076
287,5418,5.0,1469161057
287,5445,5.0,1469423023
287,5480,3.5,1470167215
287,5952,5.0,1469161019
287,6163,5.0,1470166489
287,6377,4.0,1469161119
287,6534,4.0,1469162398
287,6537,5.0,1469162357
287,6793,4.0,1470168927
287,6936,4.5,1469162401
287,7153,5.0,1469161002
287,7374,4.0,1470167218
287,8361,4.5,1469161871
287,8464,4.5,1470166308
287,8636,4.5,1469161889
287,8644,5.0,1469161190
287,8665,5.0,1469161638
287,8783,4.0,1470168285
287,8914,3.5,1475258003
287,8965,3.5,1469163163
287,25750,4.5,1470166517
287,32031,4.0,1469163172
287,33794,5.0,1469161038
287,38038,4.0,1469163158
287,45517,3.5,1469162231
287,48780,5.0,1469598999
287,52722,5.0,1469162205
287,54286,5.0,1469161632
287,55768,3.0,1469163200
287,58559,5.0,1469161020
287,59315,5.0,1469161036
287,59392,5.0,1470167060
287,59615,4.0,1469162213
287,60040,4.5,1469751462
287,60069,4.0,1469161082
287,60674,5.0,1470167054
287,68319,5.0,1469162186
287,68358,4.5,1473445047
287,68791,5.0,1469755976
287,71264,4.5,1469756012
287,72356,4.5,1470888603
287,72998,5.0,1469161086
287,73017,5.0,1469161162
287,74282,4.5,1469750312
287,76093,5.0,1469161159
287,77435,5.0,1470168799
287,77561,4.5,1469162021
287,78499,5.0,1469161154
287,79132,5.0,1469161041
287,80463,4.5,1469161990
287,81564,5.0,1469162290
287,82461,4.5,1469755975
287,83803,4.5,1470888612
287,84601,5.0,1469756110
287,85414,5.0,1469161260
287,86332,5.0,1469162047
287,87222,5.0,1469163144
287,88140,5.0,1469162069
287,88345,4.0,1470888620
287,89745,5.0,1469161062
287,90405,4.0,1469161175
287,91500,5.0,1469161802
287,91529,5.0,1469161088
287,91535,4.5,1469161648
287,91542,5.0,1469162057
287,93061,4.5,1470167340
287,93265,4.5,1470167363
287,95167,5.0,1469162203
287,95313,5.0,1470888625
287,95377,5.0,1470888609
287,95858,5.0,1469163176
287,96079,5.0,1469161593
287,98491,5.0,1469163128
287,98809,5.0,1469162015
287,101864,4.5,1469161237
287,102880,0.5,1469161813
287,102903,5.0,1470598366
287,103042,4.0,1469161838
287,103141,4.5,1469163123
287,103228,4.0,1469161840
287,103253,4.0,1469161185
287,103772,5.0,1469751503
287,105468,4.0,1469163223
287,106002,5.0,1469161775
287,106011,4.5,1470888594
287,106072,5.0,1469162221
287,106487,5.0,1469161806
287,106696,4.5,1469162097
287,108190,4.5,1469161827
287,108932,5.0,1469162147
287,108945,5.0,1469223116
287,109578,5.0,1469161697
287,110102,5.0,1469162042
287,110730,5.0,1469161193
287,111759,5.0,1469161056
287,112852,5.0,1469161054
287,115617,4.0,1469161141
287,116823,5.0,1469162095
287,117192,5.0,1473445036
287,117895,4.5,1469161571
287,118696,5.0,1469162192
287,122892,5.0,1469162003
287,122900,5.0,1469162053
287,122902,3.0,1469161585
287,130490,4.5,1469161834
287,130520,4.0,1469163190
287,132046,4.0,1469161188
287,135436,5.0,1469161436
287,136016,5.0,1469161567
287,142997,4.5,1469163203
287,145935,5.0,1469161574
287,149406,5.0,1469161554
287,152017,5.0,1469163551
287,152081,5.0,1469161526
287,157296,5.0,1469161542
287,160438,4.5,1470166791
287,160563,4.0,1469161444
287,161944,5.0,1470167824
312,1,5.0,959933200
312,2,2.0,959935514
312,10,1.0,959931688
312,17,3.0,959934746
312,21,2.0,959931319
312,25,4.0,959934644
312,28,5.0,959934644
312,32,2.0,959939065
312,34,2.0,959993015
312,36,4.0,959933117
312,50,5.0,959937256
312,57,3.0,959993223
312,85,4.0,959934721
312,95,2.0,959931670
312,99,5.0,959938819
312,111,5.0,959931004
312,112,2.0,959931646
312,125,5.0,959933805
312,141,2.0,959934241
312,162,4.0,959938850
312,171,4.0,959933777
312,176,3.0,959933200
312,198,1.0,959931319
312,203,4.0,959934359
312,206,5.0,959938850
312,208,1.0,959931843
312,218,3.0,959934287
312,224,2.0,959933834
312,231,4.0,959934288
312,235,3.0,959933556
312,246,4.0,959938797
312,247,4.0,959934767
312,249,2.0,959934871
312,260,2.0,959931255
312,265,4.0,959934663
312,288,1.0,959931843
312,296,5.0,959932443
312,306,4.0,959932464
312,316,2.0,959931772
312,318,4.0,959932508
312,322,3.0,959933985
312,339,2.0,959934123
312,344,1.0,959934241
312,349,4.0,959931593
312,353,1.0,959931670
312,356,2.0,959934721
312,357,4.0,959934006
312,363,5.0,959938850
312,367,2.0,959933947
312,368,1.0,959933985
312,377,5.0,959931593
312,380,5.0,959931628
312,441,5.0,959934026
312,457,4.0,959931572
312,464,3.0,959931861
312,480,1.0,959931572
312,485,2.0,959931861
312,492,3.0,959933924
312,500,1.0,959934071
312,509,5.0,959934704
312,527,5.0,959933086
312,539,3.0,959934045
312,541,5.0,959935398
312,551,3.0,959934006
312,556,4.0,959938819
312,562,4.0,959933872
312,581,5.0,959938850
312,585,5.0,959934331
312,587,3.0,959933924
312,588,3.0,959933777
312,592,3.0,959931362
312,593,5.0,959992994
312,597,5.0,959933896
312,639,3.0,959934288
312,648,4.0,959931709
312,663,5.0,959934344
312,708,3.0,959933834
312,736,4.0,959931731
312,780,1.0,959931670
312,786,2.0,959931731
312,788,3.0,959935514
312,818,4.0,959934489
312,858,4.0,959932443
312,866,5.0,959934746
312,896,3.0,959932415
312,919,3.0,959933086
312,922,3.0,959935417
312,923,3.0,959932486
312,926,5.0,959932557
312,1046,5.0,959932508
312,1047,5.0,959931402
312,1059,4.0,959934836
312,1060,4.0,959933465
312,1073,3.0,959935483
312,1089,5.0,959937256
312,1094,4.0,959934682
312,1095,3.0,959993155
312,1097,3.0,959935483
312,1111,4.0,959938977
312,1176,4.0,959933086
312,1179,4.0,959935417
312,1183,2.0,959934704
312,1188,3.0,959933834
312,1191,5.0,959939016
312,1192,5.0,959938977
312,1193,4.0,959930966
312,1199,3.0,959939235
312,1213,5.0,959933006
312,1214,5.0,959931231
312,1218,4.0,959931231
312,1221,4.0,959932486
312,1222,4.0,959931255
312,1228,4.0,959932557
312,1231,4.0,959933028
312,1240,5.0,959931255
312,1244,4.0,959939330
312,1264,5.0,959931209
312,1267,4.0,959935398
312,1299,5.0,959935577
312,1320,1.0,959931793
312,1344,4.0,959935435
312,1370,4.0,959931628
312,1391,3.0,959931822
312,1392,4.0,959933584
312,1393,2.0,959934682
312,1396,3.0,959939065
312,1405,3.0,959934205
312,1438,1.0,959931731
312,1466,3.0,959937286
312,1500,3.0,959933556
312,1513,4.0,959934156
312,1517,2.0,959933834
312,1544,3.0,959931861
312,1566,2.0,959934006
312,1569,4.0,959934045
312,1573,3.0,959939091
312,1584,4.0,959939091
312,1610,4.0,959931402
312,1616,3.0,959931843
312,1641,1.0,959933924
312,1673,5.0,959993155
312,1674,4.0,959935620
312,1676,1.0,959931670
312,1683,3.0,959934767
312,1687,2.0,959931793
312,1701,3.0,959934123
312,1719,5.0,959932557
312,1721,2.0,959934823
312,1729,2.0,959937286
312,1734,5.0,959933985
312,1747,3.0,959934026
312,1777,2.0,959933985
312,1784,5.0,959933853
312,1797,2.0,959938977
312,1821,4.0,959934906
312,1831,1.0,959931886
312,1875,3.0,959933584
312,1876,2.0,959939109
312,1882,1.0,959932376
312,1885,3.0,959933200
312,1897,4.0,959934663
312,1916,2.0,959931593
312,1917,1.0,959931709
312,1918,2.0,959931709
312,1923,2.0,959933584
312,1956,4.0,959935620
312,2002,3.0,959931754
312,2020,4.0,959935620
312,2022,3.0,959935650
312,2124,4.0,959933947
312,2167,2.0,959931418
312,2174,3.0,959935483
312,2247,3.0,959931004
312,2252,2.0,959934096
312,2289,5.0,959933465
312,2291,4.0,959934746
312,2303,5.0,959932508
312,2333,3.0,959993057
312,2353,2.0,959931438
312,2384,2.0,959933537
312,2395,5.0,959933805
312,2396,3.0,959933171
312,2424,1.0,959934138
312,2436,3.0,959934026
312,2539,3.0,959934138
312,2571,4.0,959931277
312,2580,4.0,959937286
312,2599,4.0,959933171
312,2628,1.0,959931130
312,2671,4.0,959934071
312,2683,2.0,959934096
312,2692,5.0,959931255
312,2700,4.0,959933584
312,2723,2.0,959931772
312,2759,2.0,959933465
312,2762,2.0,959931078
312,2770,3.0,959933872
312,2797,3.0,959935483
312,2808,1.0,959931911
312,2890,3.0,959993057
312,2908,5.0,959931078
312,2916,2.0,959931572
312,2919,4.0,959935650
312,2943,2.0,959934644
312,2959,5.0,959931099
312,2968,3.0,959935483
312,2985,3.0,959931362
312,2997,4.0,959931078
312,3044,3.0,959934704
312,3067,5.0,959935620
312,3107,3.0,959931670
312,3113,2.0,959931160
312,3114,3.0,959933153
312,3160,3.0,959933006
312,3253,2.0,959933947
312,3256,5.0,959931438
312,3267,2.0,959931319
312,3274,2.0,959931754
312,3358,3.0,959933584
312,3404,2.0,959931296
312,3424,4.0,959935620
312,3471,4.0,959933100
312,3498,4.0,959939349
312,3527,1.0,959931340
312,3528,2.0,959934945
312,3578,5.0,959931362
312,3623,1.0,959931507
380,1,4.0,1048092869
380,16,4.0,1204995996
380,19,4.0,949367918
380,21,4.0,949367561
380,22,3.0,1151120862
380,24,3.0,949384487
380,25,4.0,949374401
380,32,5.0,1038621928
380,39,3.0,949367778
380,45,3.0,949367602
380,47,5.0,1038621751
380,50,5.0,1022553465
380,81,2.5,1151120724
380,104,4.0,994729376
380,110,5.0,949368612
380,145,3.0,949368908
380,150,4.0,1115007153
380,161,4.0,1115007216
380,185,0.5,1053104159
380,196,2.0,950073791
380,209,3.0,949384839
380,223,5.0,949367653
380,235,2.0,949367561
380,246,4.0,949373968
380,260,4.0,1151120183
380,300,4.0,949374246
380,316,4.0,950073716
380,322,4.0,1055871639
380,327,1.0,949368459
380,333,4.0,949367975
380,337,2.0,949374184
380,339,2.0,949367975
380,353,4.0,949368805
380,356,5.0,949367498
380,367,3.0,949367730
380,410,3.0,949367750
380,438,3.0,994729891
380,463,3.0,968949106
380,471,4.0,949367667
380,474,4.0,1246055968
380,480,4.0,949368305
380,508,4.0,949374266
380,539,1.5,1115007209
380,541,4.0,950073539
380,542,3.0,994729706
380,543,4.0,949367778
380,587,2.0,949367653
380,588,4.0,994729345
380,589,4.0,949368612
380,590,4.0,949370820
380,592,4.5,1053103704
380,593,5.0,949371458
380,597,3.0,1151120242
380,608,4.0,1069525211
380,628,4.0,949374493
380,647,4.0,949374342
380,653,3.0,1151120362
380,708,3.0,949367730
380,733,4.0,1151120237
380,737,1.0,950073791
380,750,4.5,1153282831
380,780,4.0,949368348
380,788,3.0,950073791
380,802,4.0,949384786
380,810,0.5,1053104130
380,829,1.0,994729981
380,832,4.0,949367256
380,852,2.0,949367580
380,858,4.5,1074218298
380,880,2.0,949368459
380,924,5.0,950073539
380,968,4.0,1153284618
380,999,4.0,949369503
380,1036,4.0,1115007251
380,1037,4.0,950073716
380,1042,2.0,994728530
380,1047,4.0,949369753
380,1060,4.0,949367778
380,1061,4.0,949369503
380,1089,4.0,949371584
380,1090,5.0,994728493
380,1120,4.0,1155144266
380,1129,4.0,950073667
380,1136,4.0,1100625853
380,1193,3.0,949367256
380,1196,4.0,949368575
380,1197,5.0,949368044
380,1200,4.0,1115007263
380,1210,4.0,1199154622
380,1215,5.0,1044822050
380,1220,4.0,949368720
380,1221,4.0,1074218307
380,1222,3.5,1152117709
380,1225,5.0,1133970781
380,1240,5.0,949368088
380,1242,4.0,949368575
380,1246,3.5,1171815872
380,1257,4.0,1155347240
380,1263,4.0,1151120719
380,1265,4.0,949367498
380,1270,3.0,949367239
380,1272,4.5,1155144385
380,1275,4.0,1155347237
380,1285,4.0,1048092872
380,1302,4.0,949369098
380,1339,3.5,1151120799
380,1358,4.0,1151120148
380,1374,4.0,950073603
380,1391,1.0,949368459
380,1394,4.0,1115007312
380,1405,3.0,949367869
380,1409,3.0,949367918
380,1474,2.0,951715390
380,1476,4.0,949367818
380,1500,4.0,949367653
380,1513,3.0,949367975
380,1515,1.0,951715614
380,1517,5.0,949367602
380,1518,1.0,949368909
380,1527,4.0,950073603
380,1573,3.0,949368348
380,1580,3.0,949367627
380,1584,4.0,950073603
380,1591,4.0,949368498
380,1603,2.0,949368459
380,1604,3.0,949371159
380,1608,2.0,949368924
380,1610,4.0,949368700
380,1639,4.0,949374109
380,1645,3.5,1151120586
380,1646,3.0,994729949
380,1648,4.0,1220050526
380,1653,4.0,949368305
380,1667,2.0,949368909
380,1672,4.0,949374401
380,1676,3.0,950073667
380,1682,4.0,949374401
380,1713,0.5,1053104127
380,1721,3.0,949367125
380,1747,2.0,949367653
380,1748,4.0,1197778932
380,1772,1.0,1242341788
380,1777,3.0,1151120513
380,1779,2.0,949370325
380,1784,4.0,949367479
380,1805,3.0,949374423
380,1810,3.0,949374301
380,1831,2.0,949368410
380,1876,3.0,949368348
380,1882,2.0,950073823
380,1883,3.0,949367889
380,1909,3.0,949368348
380,1911,3.0,949369220
380,1917,4.0,949368379
380,1923,5.0,949371402
380,2000,4.0,994729345
380,2009,4.0,950073667
380,2028,5.0,949368545
380,2060,3.0,994729706
380,2064,4.0,949373968
380,2105,4.0,950073603
380,2108,3.0,949367682
380,2109,4.0,949368155
380,2124,4.0,949367223
380,2138,4.0,1199154787
380,2167,4.0,949368827
380,2195,3.0,949370464
380,2231,3.5,1076467613
380,2268,4.0,949374367
380,2273,3.0,949368909
380,2291,4.0,949374342
380,2329,4.0,1053104268
380,2334,4.0,949370917
380,2340,2.0,1048092867
380,2353,3.5,1115007320
380,2355,4.0,949367479
380,2387,3.0,989251546
380,2392,1.0,994729891
380,2395,4.0,949384532
380,2396,3.0,949367479
380,2424,1.0,949367869
380,2427,3.0,949372111
380,2428,1.0,949368459
380,2433,4.0,949384407
380,2456,3.0,950073791
380,2468,2.0,994729734
380,2478,2.0,949372204
380,2490,5.0,949373828
380,2501,4.0,949374184
380,2539,4.0,949367750
380,2541,3.5,1053103977
380,2542,4.0,1156983208
380,2558,2.0,949367479
380,2572,3.5,1053103879
380,2574,0.5,1053104102
380,2587,3.0,949367841
380,2597,2.0,964459351
380,2598,3.0,967766964
380,2599,3.0,949367432
380,2605,3.0,949384450
380,2613,3.0,950073667
380,2671,4.0,950074721
380,2672,3.0,949384532
380,2681,3.0,981849626
380,2683,5.0,956018176
380,2687,4.0,949371249
380,2688,3.0,952965036
380,2700,5.0,949367561
380,2702,2.0,952015158
380,2707,4.0,1153283007
380,2722,2.0,994728918
380,2724,2.0,953139668
380,2759,2.0,979503268
380,2761,3.0,1225671627
380,2762,5.0,949370886
380,2770,2.0,952358473
380,2771,2.0,969466047
380,2779,4.0,1153284033
380,2804,4.5,1053103779
380,2805,3.0,951715000
380,2809,1.0,981849644
380,2841,3.0,953788712
380,2858,5.0,1006212693
380,2866,4.0,1153284395
380,2872,4.0,949368700
380,2882,2.0,970549299
380,2883,4.0,965239787
380,2890,4.5,1053103721
380,2906,1.0,968176527
380,2916,4.0,949368739
380,2918,5.0,994729207
380,2959,5.0,956954136
380,2968,4.0,949369949
380,2976,2.0,1001111262
380,2987,4.0,949384532
380,2996,2.0,965665129
380,2997,4.0,959705699
380,3020,4.0,1220050520
380,3033,5.0,950073667
380,3052,4.0,993057415
380,3053,3.0,955343269
380,3054,1.0,949367373
380,3082,3.0,979575715
380,3088,4.0,1268687863
380,3098,4.0,1153283553
380,3114,5.0,949367296
380,3135,4.0,950074494
380,3138,3.0,949372204
380,3146,2.0,961968982
380,3147,3.0,961606813
380,3148,3.5,1151120635
380,3156,2.0,984417990
380,3157,3.0,959705699
380,3173,4.0,949367359
380,3174,3.0,1038622400
380,3175,3.0,979019170
380,3176,3.0,963252658
380,3178,3.0,990807007
380,3186,3.0,992365496
380,3189,3.0,965665061
380,3210,4.0,950074494
380,3219,4.0,949372137
380,3248,2.0,949372204
380,3252,4.0,1153282407
380,3253,3.0,949367535
380,3255,3.0,949367730
380,3263,4.5,1053103805
380,3298,3.0,965065592
380,3301,3.0,951882253
380,3354,2.0,984417939
380,3361,4.0,1022553465
380,3408,3.0,971651444
380,3421,5.0,994729178
380,3471,4.5,1153284501
380,3480,4.0,1151120802
380,3481,3.5,1153284384
380,3499,3.5,1153283616
380,3510,3.0,992365439
380,3534,2.0,988050629
380,3536,3.0,990807119
380,3552,4.0,1197778962
380,3555,4.0,991199217
380,3593,1.0,994873570
380,3615,3.0,962915584
380,3617,3.0,982004037
380,3624,4.0,960827657
380,3646,2.0,989251570
380,3671,4.0,1199154721
380,3744,3.0,988821724
380,3751,3.0,975348298
380,3752,3.0,1048092874
380,3753,3.0,994729037
380,3755,3.0,978244558
380,3786,3.0,1038622299
380,3798,3.0,998410567
380,3809,4.0,1153283303
380,3827,2.0,1001111219
380,3896,4.0,1012852143
380,3897,4.0,971651424
380,3901,2.0,1009990947
380,3916,4.0,1008344514
380,3948,3.0,984244305
380,3950,4.0,1171814768
380,3952,4.0,1003769204
380,3968,2.5,1053104054
380,3988,3.0,1038622363
380,3994,5.0,1038621928
380,3996,4.0,1003169272
380,4007,4.5,1153283940
380,4011,4.0,994637811
380,4022,3.0,994091053
380,4023,3.0,1029429105
380,4025,2.0,1004982771
380,4027,5.0,1038621697
380,4069,1.0,1115007342
380,4102,4.5,1153282411
380,4161,3.0,1003769107
380,4223,4.0,1153282297
380,4226,5.0,991669535
380,4239,4.0,1048092877
380,4247,3.0,1004982717
380,4306,5.0,991158013
380,4310,3.5,1053103860
380,4322,4.0,1199154633
380,4340,2.0,1006212576
380,4343,2.0,1038622575
380,4344,3.0,1007502145
380,4367,4.0,1008046507
380,4369,2.0,1078365724
380,4370,3.0,994637876
380,4406,4.0,1184514649
380,4448,4.0,1009441827
380,4452,3.0,1009047007
380,4489,2.0,994729305
380,4557,4.0,1153283265
380,4571,4.0,994729376
380,4623,4.0,994729178
380,4638,2.0,1038621952
380,4643,3.5,1053103757
380,4720,3.0,1022553338
380,4732,4.0,1033057720
380,4734,4.0,1015897410
380,4776,3.0,1003508362
380,4814,3.0,1019061388
380,4823,2.5,1053103964
380,4867,3.0,1022553383
380,4874,4.0,1021304631
380,4887,3.0,1038621698
380,4889,3.0,1008006336
380,4890,4.0,1006212524
380,4896,3.0,1038622632
380,4901,4.0,1020494331
380,4963,4.0,1009991008
380,4973,4.5,1153282787
380,4974,4.0,1045103540
380,4975,4.0,1023827848
380,4979,2.5,1053104082
380,4993,4.5,1153282692
380,4994,3.0,1025496071
380,4995,4.0,1025388876
380,5010,5.0,1017676921
380,5013,2.0,1028754810
380,5025,4.0,1024880901
380,5048,2.0,1023827988
380,5055,4.5,1151120353
380,5218,3.0,1204995713
380,5266,2.5,1152398921
380,5293,3.0,1032798486
380,5294,4.5,1153597554
380,5312,4.0,1034014255
380,5378,2.5,1117220231
380,5388,4.0,1023127593
380,5418,3.0,1024274794
380,5445,4.0,1042475027
380,5464,3.5,1066321825
380,5481,4.5,1053103604
380,5505,3.5,1151120422
380,5507,2.5,1058381465
380,5523,2.0,1069525336
380,5528,3.0,1033324686
380,5530,1.0,1058829635
380,5572,2.5,1084989370
380,5574,2.5,1069525481
380,5577,4.0,1153283628
380,5617,3.5,1153284587
380,5666,2.5,1104376275
380,5669,4.0,1153284609
380,5673,3.5,1069525365
380,5782,4.5,1153282710
380,5803,2.5,1069525416
380,5810,4.0,1038785257
380,5872,3.0,1038621079
380,5900,2.0,1071899862
380,5927,1.0,1038622131
380,5945,2.5,1070843893
380,5952,4.0,1042474998
380,5954,3.5,1074399322
380,5989,3.5,1080662949
380,5991,3.0,1078365333
380,5995,4.0,1156983259
380,6003,4.0,1151120520
380,6013,2.5,1076945856
380,6060,2.5,1087696504
380,6157,3.5,1076467637
380,6188,3.5,1152398938
380,6212,3.0,1076945804
380,6263,2.0,1081652787
380,6281,2.5,1152398928
380,6287,3.0,1055872079
380,6323,4.0,1153282177
380,6333,4.0,1072749244
380,6373,3.0,1055872066
380,6377,2.5,1153284242
380,6378,3.5,1156303206
380,6502,3.5,1072749195
380,6503,1.5,1151120546
380,6537,3.0,1057943091
380,6539,3.5,1058381284
380,6548,2.5,1310743035
380,6565,4.0,1155490845
380,6586,4.0,1062638292
380,6587,1.5,1151120682
380,6708,4.0,1153282677
380,6710,4.0,1153680860
380,6753,4.0,1155491055
380,6787,4.5,1153282822
380,6863,3.0,1155308516
380,6874,4.0,1066321806
380,6879,3.5,1333409889
380,6887,2.5,1101525385
380,6890,3.0,1129613463
380,6932,3.5,1102394150
380,6936,4.0,1070401647
380,6947,3.0,1069525141
380,6957,5.0,1073452487
380,7090,3.5,1119206739
380,7143,4.0,1105211195
380,7147,4.0,1119205366
380,7150,2.0,1115007088
380,7156,5.0,1152398817
380,7162,3.0,1105211172
380,7235,3.0,1153282088
380,7254,4.0,1113713008
380,7285,3.5,1153283966
380,7293,3.0,1151120524
380,7294,2.0,1084989345
380,7317,3.5,1086806729
380,7325,2.0,1151120488
380,7346,3.0,1118604351
380,7361,4.5,1199155046
380,7362,2.5,1111949891
380,7366,3.0,1111949937
380,7373,3.5,1104376292
380,7438,4.0,1084989308
380,7445,3.0,1153282166
380,7451,3.5,1155096587
380,7458,3.0,1153680780
380,7481,4.5,1153283298
380,7502,5.0,1304471638
380,8360,4.0,1087020820
380,8361,1.0,1086107212
380,8366,3.5,1153680417
380,8369,1.5,1144256781
380,8371,3.5,1116123441
380,8376,4.0,1153283396
380,8464,4.0,1153284402
380,8528,3.0,1151120477
380,8529,2.5,1153680774
380,8622,3.5,1088543398
380,8636,4.0,1089389819
380,8644,3.0,1153680768
380,8645,3.5,1153680754
380,8665,4.0,1097088548
380,8781,3.5,1153025788
380,8783,3.0,1151120851
380,8784,4.0,1153284261
380,8796,2.5,1153284377
380,8807,4.5,1129522924
380,8810,3.0,1129523104
380,8861,3.0,1153680829
380,8871,3.5,1144125098
380,8874,3.0,1251755126
380,8910,4.0,1133970715
380,8917,4.5,1097970305
380,8931,3.5,1155491176
380,8937,4.0,1153282640
380,8946,2.5,1119207041
380,8949,3.5,1113940524
380,8961,5.0,1102276295
380,26614,4.0,1229224633
380,27002,4.0,1246055217
380,27611,4.5,1246055433
380,27706,3.5,1155489590
380,27788,3.5,1152117692
380,27831,4.0,1161572315
380,27899,3.0,1116190852
380,27904,3.0,1305558898
380,30707,4.0,1153326390
380,30793,4.0,1155142978
380,30810,3.0,1105381228
380,30812,4.0,1133675627
380,31162,3.0,1153282973
380,31221,3.0,1151120033
380,31685,2.5,1153680800
380,31696,3.0,1112471722
380,31878,4.5,1153283821
380,32587,4.5,1159573403
380,32598,2.5,1151120529
380,33154,3.5,1173473257
380,33162,3.5,1156526639
380,33166,4.5,1156430563
380,33615,2.5,1150651050
380,33660,4.0,1151511003
380,33679,3.5,1142815935
380,33794,3.5,1148239951
380,34129,2.0,1153025742
380,34143,2.0,1153025760
380,34150,2.5,1159573386
380,34162,4.0,1154806067
380,34319,2.5,1310743041
380,34332,3.0,1153680610
380,34334,2.0,1148314797
380,34338,4.0,1155491411
380,34405,4.5,1157857147
380,34530,1.0,1151120096
380,34536,4.0,1153283179
380,35836,4.0,1153282662
380,36517,3.5,1155741035
380,36529,4.0,1154322415
380,36708,4.0,1171815526
380,37380,3.0,1157258500
380,37384,3.5,1167183334
380,37727,1.5,1154806042
380,37853,3.0,1170867632
380,38798,3.0,1156701450
380,38992,3.0,1156039257
380,39398,3.0,1184952665
380,40583,3.5,1157348935
380,40614,3.0,1148077881
380,40819,3.5,1220050412
380,40851,2.0,1156526623
380,40946,4.0,1304471407
380,41566,2.5,1158767654
380,41569,3.5,1155489556
380,41716,4.0,1159767674
380,42725,4.0,1185810894
380,42738,3.0,1262394454
380,43396,3.5,1199154505
380,43928,3.0,1155830948
380,44191,4.5,1157840394
380,44195,4.5,1167183311
380,44199,4.0,1185810699
380,44665,4.0,1198282619
380,44761,4.5,1172374512
380,44788,4.0,1176911727
380,44974,4.0,1193154257
380,45028,2.5,1185810768
380,45186,3.5,1170867570
380,45499,3.5,1151119951
380,45517,3.0,1170867529
380,45666,2.0,1204995728
380,45672,3.0,1258735037
380,45728,3.5,1170696076
380,45928,3.0,1185498588
380,46335,2.0,1370885737
380,46530,4.0,1151974496
380,46578,4.0,1198282972
380,46723,3.5,1205101988
380,46970,3.5,1173473238
380,48304,4.5,1225671914
380,48319,2.0,1208233354
380,48385,3.5,1198283066
380,48394,4.0,1193154423
380,48516,4.0,1174961015
380,48774,4.0,1170695971
380,48780,4.5,1284522858
380,48783,3.5,1198282958
380,49272,4.0,1218317452
380,49278,4.0,1312343953
380,49284,3.5,1266698023
380,49396,4.0,1204995724
380,49530,4.0,1197778816
380,49822,4.0,1220050542
380,50794,3.5,1201755624
380,51080,4.0,1220050394
380,51088,4.0,1199154037
380,51091,4.0,1220050534
380,51540,3.5,1246055795
380,52245,3.0,1357606490
380,52281,3.0,1225671759
380,52287,3.5,1304471450
380,52435,4.0,1243140082
380,52973,3.0,1220049955
380,53318,3.0,1280193799
380,53894,2.5,1246055523
380,53996,3.0,1203829213
380,54259,3.5,1243140221
380,54272,3.0,1199153758
380,54281,3.5,1308936492
380,54286,4.0,1243140093
380,54331,3.5,1304471391
380,54503,4.5,1220049950
380,54736,3.5,1345582758
380,54997,4.0,1231019954
380,55031,4.5,1284522937
380,55116,4.0,1241965812
380,55232,3.0,1199154055
380,55267,2.5,1234671646
380,55276,4.0,1304471179
380,55280,4.0,1215786373
380,55820,4.0,1225672044
380,56003,3.0,1234671736
380,56174,4.0,1200348950
380,56587,3.0,1218316887
380,56715,3.0,1276272672
380,56757,2.0,1227897767
380,56782,4.5,1255197634
380,56788,4.0,1243140203
380,56885,3.0,1218316933
380,56921,4.0,1229224617
380,57368,3.0,1209790105
380,57640,4.0,1304471487
380,57669,4.0,1243139986
380,58154,3.0,1256498720
380,58156,2.0,1357606451
380,58297,2.5,1262394482
380,58803,2.5,1262394420
380,58839,2.5,1229224486
380,58972,2.5,1215786604
380,58998,4.0,1243140234
380,59037,2.0,1423240471
380,59126,4.0,1238885997
380,59315,4.0,1224441504
380,59369,3.5,1237742818
380,59594,3.0,1258734941
380,60040,3.0,1229224418
380,60072,3.5,1229224471
380,60074,3.5,1229224519
380,60684,4.5,1278108067
380,60756,4.0,1229224438
380,61024,3.5,1304471496
380,61132,4.0,1229224414
380,61729,4.0,1246056054
380,62155,3.5,1304471470
380,62437,3.5,1238885983
380,62733,1.5,1280631804
380,63072,4.0,1278107479
380,63082,4.0,1231019895
380,63131,4.0,1265136712
380,63859,4.0,1259093535
380,64497,2.5,1237742861
380,64614,4.0,1280193744
380,64839,3.5,1341073231
380,64957,4.0,1273036263
380,65230,2.5,1325192031
380,65642,3.0,1246081891
380,65682,3.0,1262394463
380,66934,4.0,1271694116
380,67087,4.0,1265136692
380,67267,3.5,1304471417
380,67408,3.5,1304471448
380,67734,4.0,1304471228
380,67923,2.0,1370885731
380,68159,3.5,1278729428
380,68205,3.5,1272693158
380,68237,4.0,1268067296
380,68358,4.0,1253942898
380,68848,4.0,1285369269
380,68952,3.5,1267468396
380,69122,4.5,1248563695
380,69278,2.0,1357606461
380,69436,1.5,1325192167
380,69606,1.5,1325191824
380,69951,3.0,1330910373
380,70286,3.5,1250898312
380,70336,2.5,1325191801
380,70565,2.0,1325191835
380,70599,3.0,1284326108
380,71057,3.5,1269482633
380,71156,5.0,1269833118
380,71205,3.5,1284217254
380,71254,2.0,1325191809
380,71264,4.0,1330910357
380,71464,2.5,1283791912
380,71466,3.5,1337908785
380,71530,3.0,1304471915
380,71535,4.5,1290712046
380,71732,4.0,1282928423
380,71745,2.0,1284522674
380,72011,4.0,1268766965
380,72308,4.0,1325191647
380,72378,1.5,1325192174
380,72489,4.0,1271482199
380,72641,3.5,1304471147
380,72998,4.0,1261333933
380,73017,4.0,1262394512
380,73023,3.0,1330910161
380,73266,4.0,1278729262
380,73268,3.0,1266685912
380,73321,3.5,1279210727
380,74275,4.0,1304470982
380,74324,4.0,1284522963
380,74458,4.0,1299351250
380,74668,3.0,1278107490
380,74685,4.0,1278729132
380,74795,3.5,1304471397
380,75440,4.5,1357606444
380,75985,3.0,1283791799
380,76077,3.5,1282533639
380,76210,4.0,1272823168
380,76251,4.5,1299351237
380,76293,2.0,1325192043
380,77364,3.5,1325191891
380,77561,3.5,1289427383
380,78209,4.5,1277136471
380,78467,3.0,1325192107
380,78469,2.5,1325192026
380,78499,4.0,1304471106
380,79057,3.5,1292461398
380,79091,3.5,1298682638
380,79132,5.0,1280631729
380,79185,2.0,1307719534
380,79293,3.5,1325192053
380,79702,5.0,1320206110
380,80126,4.0,1325191687
380,80463,4.0,1357606195
380,80489,4.0,1314630989
380,80549,4.0,1289705853
380,80693,3.5,1302052252
380,80727,4.0,1304470960
380,80831,3.5,1342972145
380,80906,4.0,1302052203
380,81229,4.0,1298682646
380,81516,4.0,1325191727
380,81537,3.0,1304471007
380,81564,4.0,1302052263
380,81591,4.0,1330910129
380,81784,1.5,1325191613
380,81847,4.0,1302650383
380,82202,2.5,1306518302
380,82459,5.0,1354053689
380,82461,3.5,1294449337
380,82534,3.0,1345582482
380,82852,1.5,1325192114
380,83134,3.5,1348099816
380,83910,2.0,1325192084
380,84152,4.5,1331684327
380,84154,4.0,1432326972
380,84160,3.5,1321405878
380,84374,2.5,1352137991
380,84392,4.0,1342972130
380,84615,3.5,1312343884
380,84944,3.5,1330910332
380,85022,2.5,1313442428
380,85131,2.5,1305558712
380,85213,4.0,1330806443
380,85397,2.0,1325192141
380,85412,3.0,1314631004
380,86190,3.5,1335673595
380,86293,2.0,1365440656
380,86320,3.0,1330910443
380,86332,3.0,1333408638
380,86833,4.0,1309904415
380,86911,3.0,1339735415
380,87232,4.0,1337908744
380,87298,3.5,1325868326
380,87306,2.5,1339735378
380,87869,3.0,1321405906
380,88163,2.0,1341073290
380,88405,3.5,1352137932
380,88672,3.5,1325868275
380,88785,2.5,1345582728
380,88812,3.0,1344876409
380,89039,4.0,1345582450
380,89047,3.5,1359520936
380,89492,4.0,1357606214
380,89745,4.0,1370732992
380,89804,4.0,1370733128
380,90405,4.0,1357606232
380,90719,3.5,1363372968
380,90866,3.5,1352138013
380,91077,3.5,1377901221
380,91500,3.0,1392506403
380,91529,4.0,1377901054
380,91622,2.5,1346648120
380,91658,4.0,1370885530
380,91842,3.0,1363548629
380,91974,3.0,1358278456
380,92234,2.5,1354053596
380,92694,3.5,1382395889
380,93498,4.0,1334105106
380,93510,3.5,1367424512
380,93840,3.5,1353864014
380,94466,5.0,1441399089
380,94478,2.5,1372691948
380,94799,4.0,1377547507
380,94864,3.5,1365440613
380,94953,2.0,1389026524
380,94959,3.5,1359996248
380,95088,3.5,1367424496
380,95307,2.5,1365440641
380,95441,4.0,1341630259
380,95510,2.5,1405036374
380,95720,3.0,1372691922
380,95875,3.5,1363548593
380,96079,4.0,1386614981
380,96110,3.0,1357606431
380,96588,4.0,1383351746
380,96610,4.0,1383351703
380,96655,4.0,1392506399
380,96737,3.5,1357606293
380,97306,4.0,1361462409
380,97752,2.0,1423240458
380,97913,4.0,1405036192
380,97938,4.0,1391314474
380,98369,3.0,1369842629
380,99117,2.5,1389026490
380,100383,4.0,1361816465
380,100450,3.5,1363548526
380,101362,2.0,1386614831
380,101525,4.0,1405036386
380,101612,1.5,1389026412
380,101741,3.5,1423240615
380,102123,4.0,1389026457
380,102407,3.5,1405036519
380,102445,4.0,1405036200
380,102819,3.5,1369842853
380,102903,2.5,1378240198
380,103228,3.5,1405036345
380,103249,4.0,1372432799
380,103253,2.5,1390928719
380,104841,3.5,1398564633
380,104879,4.0,1405036195
380,106920,4.0,1432326917
380,110730,2.0,1432326926
380,112623,2.5,1420491929
380,115713,4.5,1432326899
380,122882,4.0,1460162750
380,122886,4.0,1451584145
380,122902,1.5,1465156786
380,122904,5.0,1460162747
380,127152,4.0,1465156465
380,132796,1.0,1460162844
380,133419,3.5,1434470933
380,134130,4.0,1444664409
380,134393,3.5,1465156737
380,135518,2.5,1465156713
380,135861,4.0,1441399394
380,136598,3.0,1465156743
380,138036,4.0,1465156659
380,140711,3.5,1465156767
380,140928,2.0,1457978987
390,1,4.0,867073566
390,3,5.0,867072842
390,9,3.0,867076328
390,10,3.0,867076126
390,11,5.0,867075845
390,14,2.0,867072919
390,17,4.0,867072803
390,21,5.0,867076176
390,32,1.0,867072802
390,44,3.0,867076269
390,62,3.0,867072803
390,65,2.0,867072979
390,92,2.0,867073966
390,95,3.0,867072802
390,102,3.0,867073883
390,104,1.0,867072884
390,110,3.0,867076005
390,135,2.0,867072919
390,141,5.0,867072802
390,153,3.0,867076269
390,165,4.0,867076176
390,168,3.0,867076243
390,173,3.0,867076294
390,185,3.0,867076243
390,204,3.0,867076243
390,208,3.0,867076127
390,227,3.0,867076294
390,260,5.0,867072842
390,296,5.0,867075838
390,303,3.0,867076328
390,315,3.0,867076328
390,349,3.0,867076269
390,357,3.0,867075839
390,377,5.0,867076005
390,380,5.0,867076008
390,423,3.0,867076327
390,480,5.0,867076002
390,507,3.0,867076294
390,517,4.0,867076269
390,539,5.0,867075842
390,541,3.0,867076243
390,589,3.0,867076003
390,592,3.0,867076211
390,608,4.0,867072842
390,609,3.0,867073074
390,613,3.0,867074211
390,637,2.0,867072919
390,640,3.0,867073029
390,647,2.0,867072979
390,648,2.0,867072802
390,653,4.0,867073609
390,656,3.0,867074252
390,673,1.0,867072979
390,694,1.0,867073940
390,708,4.0,867073609
390,710,2.0,867074211
390,719,2.0,867072949
390,733,4.0,867072841
390,736,4.0,867072802
390,742,1.0,867074367
390,780,5.0,867072802
390,785,3.0,867073029
390,786,4.0,867072842
390,788,3.0,867072884
390,801,3.0,867074367
390,802,4.0,867073609
390,810,2.0,867073939
390,813,3.0,867074680
390,830,4.0,867073074
390,832,3.0,867072949
390,837,3.0,867073966
390,838,4.0,867073939
390,849,3.0,867073883
390,852,3.0,867072949
390,858,5.0,867072949
390,861,4.0,867076294
390,870,1.0,867074763
390,880,1.0,867073883
390,891,1.0,867073940
390,991,2.0,867074292
390,1036,5.0,867076007
390,1042,4.0,867073940
390,1047,3.0,867073883
390,1049,4.0,867074211
390,1101,3.0,867076127
390,1113,3.0,867074383
390,1120,4.0,867074211
390,1129,3.0,867076243
390,1183,3.0,867073029
390,1196,5.0,867076002
390,1198,5.0,867076002
390,1200,3.0,867076126
390,1201,3.0,867076211
390,1204,3.0,867076176
390,1210,5.0,867072919
390,1214,3.0,867076127
390,1221,5.0,867076211
390,1240,3.0,867076126
390,1242,2.0,867076211
390,1275,3.0,867076176
390,1287,3.0,867076126
390,1291,3.0,867075844
390,1304,5.0,867076176
390,1320,3.0,867076294
390,1356,5.0,867073609
390,1370,3.0,867076211
390,1372,3.0,867076176
390,1373,3.0,867076243
390,1374,5.0,867076126
390,1376,5.0,867076007
390,1377,3.0,867076243
390,1385,3.0,867076211
390,1405,1.0,867075909
390,1409,4.0,867073723
390,1410,2.0,867074518
390,1429,4.0,867074292
390,1431,1.0,867074344
390,1461,3.0,867074518
390,1463,4.0,867074777
390,1499,2.0,867074631
390,1513,3.0,867074680
390,1515,5.0,867074649
390,1527,3.0,867074406
390,1544,5.0,867074406
390,1562,3.0,867074905
416,10,4.0,841446669
416,11,4.0,841446809
416,19,3.0,841446722
416,20,3.0,841447146
416,32,3.0,841446767
416,39,3.0,841446748
416,62,5.0,841446890
416,74,3.0,841447506
416,86,3.0,841447389
416,88,3.0,841447506
416,104,3.0,841447169
416,122,3.0,841447089
416,140,3.0,841447673
416,150,3.0,841446597
416,153,3.0,841446622
416,165,4.0,841446621
416,186,3.0,841446839
416,208,2.0,841446669
416,215,3.0,841447436
416,216,4.0,841447036
416,217,2.0,841447489
416,225,4.0,841446722
416,231,3.0,841446638
416,236,3.0,841447796
416,237,4.0,841446940
416,246,5.0,841447474
416,248,3.0,841447075
416,253,3.0,841446669
416,273,3.0,841446940
416,288,3.0,841446684
416,296,3.0,841446598
416,300,3.0,841446703
416,315,2.0,841446809
416,329,3.0,841446655
416,349,4.0,841446621
416,353,3.0,841446877
416,355,2.0,841446928
416,356,4.0,841446669
416,358,2.0,841447315
416,364,3.0,841446703
416,367,3.0,841446722
416,368,3.0,841446909
416,370,3.0,841446940
416,376,3.0,841447006
416,377,3.0,841446722
416,380,3.0,841446598
416,381,4.0,841447018
416,382,3.0,841447124
416,419,3.0,841447075
416,434,3.0,841446655
416,435,3.0,841446767
416,437,3.0,841447169
416,440,3.0,841446795
416,442,3.0,841446821
416,445,1.0,841447518
416,450,4.0,841447307
416,454,3.0,841446684
416,457,4.0,841446638
416,466,3.0,841446959
416,474,5.0,841446839
416,480,3.0,841446684
416,489,1.0,841447183
416,500,3.0,841446733
416,508,4.0,841446862
416,511,3.0,841447307
416,520,2.0,841446970
416,524,4.0,841447183
416,539,4.0,841446767
416,540,2.0,841447064
416,550,3.0,841447192
416,586,3.0,841446748
416,587,3.0,841446748
416,589,3.0,841446703
416,593,4.0,841446638
416,733,4.0,841447006
416,765,3.0,841447458
416,780,3.0,841446992
416,784,2.0,841447211
416,788,3.0,841447659
416,802,3.0,841447544
416,805,4.0,841447352
416,1020,3.0,841447518
447,1,3.0,832492847
447,2,3.0,832493108
447,6,3.0,832493230
447,11,3.0,832493040
447,17,3.0,832493040
447,19,3.0,832492963
447,21,3.0,832492911
447,25,4.0,832493175
447,34,3.0,832492936
447,39,3.0,832492963
447,48,3.0,832493175
447,105,4.0,832493108
447,110,5.0,832492911
447,111,3.0,832492988
447,141,4.0,832493063
447,150,4.0,832492563
447,151,3.0,832493012
447,153,3.0,832492610
447,160,3.0,832492963
447,161,4.0,832492847
447,165,3.0,832492610
447,168,3.0,832493085
447,172,2.0,832493085
447,173,2.0,832493012
447,185,3.0,832492879
447,186,3.0,832493063
447,208,4.0,832492879
447,216,1.0,832493335
447,218,3.0,832493257
447,222,3.0,832493280
447,224,3.0,832493108
447,225,3.0,832492911
447,231,3.0,832492644
447,234,1.0,832493335
447,236,3.0,832493012
447,237,3.0,832493206
447,246,2.0,832493207
447,253,2.0,832492879
447,256,3.0,832493108
447,261,3.0,832493063
447,265,3.0,832493063
447,266,3.0,832492936
447,272,3.0,832493206
447,277,3.0,832493230
447,282,4.0,832492988
447,288,2.0,832492911
447,300,3.0,832492879
447,315,3.0,832492988
447,318,4.0,832492644
447,329,3.0,832492644
447,333,3.0,832493108
447,337,3.0,832493012
447,339,3.0,832492847
447,342,3.0,832493335
447,344,3.0,832492610
447,348,3.0,832493230
447,349,3.0,832492610
447,380,4.0,832492563
447,381,3.0,832493280
447,410,3.0,832492911
447,413,1.0,832493411
447,420,2.0,832492963
447,432,2.0,832492988
447,434,3.0,832492847
447,435,3.0,832492988
447,457,3.0,832493132
447,477,2.0,832493451
447,553,3.0,832493040
447,555,3.0,832493132
447,588,3.0,832492610
447,590,4.0,832492563
447,592,3.0,832492563
447,595,3.0,832492644
513,110,5.0,843771870
513,161,5.0,843771870
513,208,3.0,843771870
513,292,3.0,843771870
513,296,5.0,843771753
513,339,3.0,843771870
513,344,3.0,843771780
513,349,4.0,843771780
513,356,4.0,843771830
513,380,3.0,843771753
513,434,3.0,843771830
513,457,3.0,843771811
513,480,4.0,843771830
513,527,5.0,843771936
513,592,3.0,843771752
513,595,4.0,843771811
514,1,4.0,853892832
514,3,1.0,853892868
514,14,3.0,853892898
514,17,3.0,853892833
514,21,3.0,853894140
514,25,5.0,853892833
514,29,5.0,853893081
514,32,4.0,853892832
514,34,4.0,853894009
514,35,3.0,853894140
514,38,1.0,853896032
514,39,3.0,854116134
514,43,3.0,853893138
514,45,4.0,853894362
514,47,4.0,853893935
514,50,5.0,853893691
514,52,4.0,853892898
514,57,3.0,853896692
514,62,3.0,853892833
514,69,3.0,854116294
514,78,4.0,853893226
514,83,3.0,853893246
514,92,4.0,853893059
514,107,2.0,853895942
514,112,3.0,853894491
514,144,3.0,853895135
514,147,4.0,853894074
514,150,4.0,853895900
514,151,4.0,853894100
514,153,3.0,853896269
514,156,4.0,853893545
514,157,2.0,854116294
514,159,4.0,853894100
514,162,5.0,853893691
514,175,5.0,853893860
514,176,5.0,853893713
514,180,3.0,854116263
514,190,3.0,853895191
514,194,4.0,853893713
514,198,3.0,853894449
514,209,3.0,853896382
514,227,1.0,853897100
514,229,3.0,853894449
514,230,3.0,853895684
514,231,2.0,854116419
514,232,3.0,853893860
514,236,1.0,853896781
514,249,4.0,853893907
514,252,2.0,853896781
514,253,4.0,853894779
514,260,5.0,853893832
514,265,4.0,853893882
514,266,3.0,853896711
514,272,5.0,853893859
514,273,2.0,853894801
514,288,5.0,853893691
514,290,3.0,853893811
514,292,3.0,853895732
514,293,4.0,853893881
514,296,5.0,853893691
514,299,4.0,853894217
514,302,3.0,853893761
514,316,3.0,853896896
514,320,3.0,853894491
514,321,3.0,853894009
514,322,4.0,853893832
514,327,3.0,853897046
514,337,4.0,853893811
514,342,4.0,853894670
514,344,3.0,854116539
514,345,3.0,853895102
514,350,4.0,853895754
514,353,3.0,853894569
514,356,4.0,853896102
514,357,4.0,853895191
514,361,3.0,853896732
514,364,2.0,853894895
514,365,4.0,853896300
514,366,3.0,853894801
514,367,3.0,854116263
514,368,4.0,854116294
514,369,3.0,853893859
514,371,4.0,853896399
514,374,1.0,853896032
514,377,3.0,853897009
514,380,3.0,853896990
514,407,3.0,853894755
514,410,3.0,854116100
514,412,3.0,853896253
514,413,1.0,854116447
514,415,1.0,854116476
514,417,4.0,853894521
514,426,4.0,853894755
514,427,1.0,853895699
514,433,3.0,854116392
514,435,3.0,854116315
514,441,3.0,853894334
514,442,2.0,853897047
514,448,4.0,853894362
514,449,3.0,854116195
514,452,3.0,853894670
514,454,3.0,853895753
514,457,4.0,853894569
514,470,2.0,854116447
514,471,4.0,853893788
514,481,3.0,853894310
514,484,3.0,853895943
514,490,3.0,853895732
514,491,3.0,853896427
514,494,1.0,853892868
514,500,3.0,853895942
514,505,3.0,853896001
514,506,4.0,853895045
514,507,4.0,853896152
514,509,5.0,853893788
514,510,2.0,853896495
514,515,4.0,853895045
514,520,3.0,854116539
514,531,3.0,853895085
514,532,2.0,853894779
514,535,4.0,853893735
514,537,1.0,853895153
514,538,4.0,853893907
514,539,3.0,853896756
514,541,5.0,853893713
514,542,1.0,854116476
514,543,3.0,853896732
514,548,1.0,853897070
514,551,3.0,853893832
514,558,1.0,853894938
514,562,5.0,853893185
514,585,3.0,853895922
514,586,3.0,853895900
514,587,3.0,853896566
514,588,4.0,853894895
514,590,4.0,853893788
514,594,4.0,853894362
514,595,3.0,853894894
514,596,4.0,853894362
514,606,3.0,853894827
514,608,5.0,853892867
514,613,4.0,853895135
514,616,3.0,853894937
514,648,3.0,853892832
514,653,4.0,853892898
514,661,4.0,853892928
514,708,2.0,853892898
514,720,5.0,853893735
514,733,3.0,853892867
514,741,4.0,853893811
514,745,4.0,853893059
514,748,2.0,853893016
514,750,5.0,853893713
514,753,4.0,853896216
514,762,1.0,853892928
514,766,5.0,853893166
514,778,5.0,853893691
514,780,3.0,853892832
514,784,2.0,853892898
514,799,3.0,853893138
514,800,5.0,853893735
514,802,2.0,853892958
514,805,3.0,853892958
514,838,3.0,853894449
514,851,4.0,853894009
514,880,1.0,853893138
514,902,4.0,853894521
514,909,5.0,853894416
514,910,4.0,853894309
514,919,4.0,853894217
514,923,5.0,853893761
514,924,5.0,853893811
514,953,4.0,853894491
514,955,4.0,853894416
514,1007,3.0,853895923
514,1012,4.0,853895854
514,1013,3.0,853895900
514,1015,3.0,853895879
514,1019,3.0,853895854
514,1022,4.0,853894894
514,1025,3.0,853894895
514,1027,3.0,853895900
514,1029,3.0,853894894
514,1030,3.0,853894938
514,1033,4.0,853894895
514,1036,4.0,853896936
514,1041,5.0,853893545
514,1073,4.0,853892898
514,1080,4.0,853893961
514,1081,3.0,854116100
514,1084,4.0,853893907
514,1086,4.0,853894169
514,1088,3.0,853896732
514,1089,4.0,853893692
514,1090,4.0,853894140
514,1092,4.0,853895700
514,1093,4.0,853896183
514,1094,3.0,853893982
514,1095,4.0,853894039
514,1097,5.0,853895855
514,1103,4.0,853894074
514,1124,4.0,853896183
514,1125,3.0,854116100
514,1126,3.0,853895923
514,1127,3.0,853894723
514,1128,3.0,853894755
514,1129,3.0,853895639
514,1130,3.0,853894723
514,1135,3.0,854116153
514,1136,4.0,853893859
514,1148,4.0,853893761
514,1150,3.0,853893961
514,1171,4.0,853896152
514,1173,4.0,853894039
514,1175,4.0,853893935
514,1177,3.0,853895059
514,1186,4.0,853894449
514,1187,4.0,853896231
514,1189,4.0,853894334
514,1191,3.0,853896342
514,1193,5.0,853893811
514,1196,5.0,853894039
514,1197,4.0,853894258
514,1198,5.0,853894009
514,1199,4.0,853893713
514,1200,4.0,853894140
514,1201,5.0,853894282
514,1206,5.0,853893761
514,1208,5.0,853893735
514,1210,4.0,853894362
514,1211,5.0,853894169
514,1213,5.0,853896074
514,1214,5.0,853893882
514,1219,5.0,853893982
514,1220,4.0,854116044
514,1222,5.0,853894258
514,1223,4.0,853894217
514,1225,5.0,853893811
514,1230,4.0,853893935
514,1231,4.0,853894217
514,1235,4.0,853894310
514,1236,4.0,853896253
514,1240,4.0,853894384
514,1245,4.0,853893935
514,1246,4.0,853894334
514,1249,4.0,853894074
514,1250,5.0,853894074
514,1252,4.0,853893907
514,1258,5.0,853893907
514,1259,4.0,853894384
514,1260,4.0,853894039
514,1261,4.0,853894693
514,1268,3.0,853896216
514,1269,4.0,853895623
514,1272,5.0,853894416
514,1274,5.0,853894310
514,1275,3.0,853894521
514,1276,5.0,853894074
514,1277,4.0,853894309
514,1279,3.0,853894521
514,1280,4.0,853894140
514,1282,4.0,853894039
514,1285,4.0,853893981
514,1288,4.0,854116021
514,1289,5.0,853894333
514,1291,3.0,853896936
514,1296,4.0,853894100
514,1297,4.0,853897183
514,1304,4.0,853894449
514,1305,4.0,853894384
514,1307,4.0,853896661
514,1321,4.0,853894693
514,1323,2.0,853894850
514,1326,2.0,853894850
514,1327,3.0,853894755
514,1330,3.0,853894779
514,1333,4.0,853894449
514,1334,3.0,853894755
514,1339,3.0,853894723
514,1342,4.0,853894755
514,1344,4.0,853895639
514,1347,4.0,853894723
514,1350,4.0,853894723
514,1356,3.0,853892928
514,1357,4.0,853893545
514,1366,4.0,853893326
514,1370,3.0,853895670
514,1373,2.0,853895712
514,1374,4.0,853895624
514,1375,3.0,853895670
514,1376,2.0,853895670
514,1377,4.0,853896937
514,1380,3.0,853896692
514,1381,1.0,853896756
514,1387,5.0,853894693
514,1388,3.0,853894779
514,1396,3.0,853896231
514,1441,2.0,853896711
514,2019,4.0,853894468
515,169,5.0,1286399032
515,519,4.0,1286398918
515,1566,3.5,1286398944
515,2080,3.5,1286398722
515,2379,3.5,1286399042
515,2422,5.0,1286399024
515,2622,2.0,1286399011
515,2739,5.0,1285890767
515,2804,5.0,1286399831
515,3275,5.0,1286399754
515,3386,4.0,1285890451
515,3996,4.5,1286399929
515,4019,5.0,1285890749
515,4886,5.0,1286401644
515,5015,3.5,1286398897
515,8827,5.0,1286399675
515,30707,5.0,1286401629
515,33794,4.5,1286399620
515,48516,4.0,1286399999
515,53125,4.5,1286399017
515,54286,5.0,1286399762
515,56367,4.0,1286401528
515,59315,4.5,1286401450
515,69280,4.0,1286399260
515,69757,4.0,1286399369
515,70286,5.0,1286400025
515,72641,5.0,1286399733
515,72998,5.0,1286399571
570,104,3.5,1475806221
570,110,3.0,1475783266
570,165,5.0,1475783692
570,260,2.0,1475783233
570,356,5.0,1475783279
570,457,4.0,1475783286
570,474,4.0,1475783718
570,508,5.0,1475783671
570,593,5.0,1475783864
570,608,4.0,1475784300
570,648,5.0,1475783787
570,733,4.5,1475783698
570,1027,4.0,1475784352
570,1036,5.0,1475783259
570,1196,2.0,1475783047
570,1213,2.0,1475784311
570,1258,5.0,1475784306
570,1291,4.0,1475783038
570,1370,5.0,1475783716
570,1544,3.0,1475783815
570,1584,2.0,1475784351
570,1608,4.5,1475783707
570,1625,4.5,1475784302
570,1882,1.5,1475783741
570,1997,4.5,1475806206
570,2000,4.0,1475783744
570,2115,5.0,1475783793
570,2268,2.5,1475784363
570,2403,4.0,1475784326
570,2404,5.0,1475783760
570,2411,3.0,1475784369
570,2571,3.0,1475783033
570,2617,1.5,1475783850
570,2959,3.0,1475783757
570,2990,2.5,1475784375
570,3623,5.0,1475783736
570,3916,4.0,1475784345
570,3977,2.5,1475783775
570,4306,1.5,1475783783
570,4369,3.0,1475783817
570,4701,4.0,1475783762
570,5064,4.0,1475784417
570,5218,3.0,1475783676
570,5254,4.0,1475783811
570,5378,2.0,1475806378
570,5952,5.0,1475783236
570,6156,3.5,1475783800
570,6333,2.5,1475783685
570,6365,2.5,1475783790
570,6378,4.5,1475783724
570,6664,3.0,1475784370
570,6874,4.0,1475783669
570,7143,3.5,1475783679
570,7438,3.5,1475783668
570,8368,4.5,1475783753
570,8533,3.5,1475806361
570,8644,3.5,1475783867
570,8961,2.0,1475783710
570,32029,4.0,1475784376
570,33794,2.0,1475783271
570,37727,2.5,1475784380
570,40815,4.5,1475783754
570,44199,4.0,1475784330
570,45186,5.0,1475786244
570,47099,5.0,1475784304
570,48516,3.5,1475783853
570,48774,4.0,1475786239
570,49272,5.0,1475783813
570,53972,5.0,1475783842
570,54286,5.0,1475783284
570,55765,3.5,1475784365
570,58559,1.5,1475783249
570,59315,3.0,1475783273
570,64716,4.0,1475806356
570,64957,4.5,1475806239
570,68358,1.5,1475783281
570,72641,4.0,1475806209
570,73017,5.0,1475783857
570,78469,2.0,1475783858
570,79185,4.5,1475786238
570,79293,5.0,1475783831
570,81229,4.5,1475783845
570,81834,4.5,1475783785
570,84392,4.0,1475806215
570,91630,5.0,1475783832
570,95167,3.5,1475783821
570,97304,4.0,1475783714
570,98809,4.0,1475783796
570,105504,4.0,1475784360
570,106489,4.0,1475783702
570,112171,2.0,1475784309
570,122886,2.0,1475783291
570,148626,4.0,1475806416
603,1,4.0,868354978
603,2,4.0,868355874
603,32,5.0,868354978
603,44,3.0,868356377
603,60,3.0,868355519
603,62,5.0,868354978
603,104,4.0,868355076
603,110,5.0,868356124
603,150,4.0,868355405
603,163,4.0,868356125
603,231,2.0,868482315
603,296,5.0,868356122
603,316,4.0,868356197
603,317,2.0,868355630
603,333,3.0,868482531
603,355,2.0,868356024
603,364,5.0,868355683
603,367,3.0,868482315
603,370,4.0,868482531
603,380,5.0,868356123
603,419,2.0,868356024
603,442,5.0,868356767
603,457,4.0,868356197
603,466,4.0,868482450
603,480,5.0,868355683
603,500,4.0,868355630
603,527,5.0,868802321
603,543,3.0,868482419
603,551,5.0,868355800
603,586,3.0,868356000
603,588,5.0,868355630
603,592,4.0,868356298
603,595,5.0,868355748
603,608,5.0,868355017
603,648,3.0,868354978
603,653,3.0,868356298
603,673,3.0,868355874
603,733,5.0,868355017
603,743,3.0,868482098
603,748,3.0,868356298
603,761,3.0,868482025
603,780,4.0,868354978
603,783,5.0,868355800
603,832,3.0,868481695
603,1010,3.0,868355748
603,1011,3.0,868355938
603,1012,4.0,868355466
603,1013,3.0,868355683
603,1014,3.0,868355800
603,1016,3.0,868355800
603,1017,4.0,868355519
603,1021,3.0,868355683
603,1025,5.0,868355466
603,1027,5.0,868355466
603,1028,3.0,868355519
603,1030,3.0,868355748
603,1032,5.0,868355519
603,1033,3.0,868355519
603,1073,3.0,868355017
603,1097,4.0,868355466
603,1101,3.0,868356251
603,1126,3.0,868355938
603,1136,5.0,868482292
603,1196,5.0,868355405
603,1197,5.0,868355405
603,1207,4.0,868355405
603,1210,5.0,868355405
603,1214,3.0,868356197
603,1220,4.0,868482331
603,1240,5.0,868356196
603,1242,5.0,868356152
603,1243,5.0,868482350
603,1265,3.0,868482450
603,1275,5.0,868356151
603,1282,5.0,868355466
603,1320,3.0,868356377
603,1374,3.0,868356316
603,1377,4.0,868356767
603,1391,5.0,868481575
603,1394,5.0,868482350
603,1396,4.0,868482484
603,1408,5.0,868356251
603,1526,3.0,868481986
603,1527,3.0,868481621
603,1544,3.0,868481755
603,1566,5.0,868355164
603,1573,4.0,868355164
606,175,5.0,1380349824
606,235,4.0,1380350132
606,441,3.0,1380431874
606,593,3.5,1380350020
606,661,3.0,1380349705
606,778,5.0,1380350514
606,858,5.0,1380350440
606,904,5.0,1380349948
606,908,5.0,1380349954
606,911,4.5,1380349865
606,1089,5.0,1380350538
606,1136,3.5,1380350017
606,1148,2.5,1380349995
606,1203,5.0,1380349977
606,1207,4.5,1380349938
606,1221,5.0,1380350463
606,1247,4.0,1380349927
606,1405,3.0,1380349725
606,1562,3.5,1380349728
606,1729,5.0,1380350557
606,1968,4.0,1380431895
606,2145,4.5,1380349749
606,2186,5.0,1380349923
606,2455,2.0,1380349715
606,2571,5.0,1380349999
606,2858,4.5,1380350024
606,2863,5.0,1380349849
606,3089,5.0,1380350037
606,3100,5.0,1380349785
606,3246,3.5,1380349833
606,3254,4.0,1380349811
606,3477,3.5,1380431805
606,3608,3.0,1380349787
606,3897,3.5,1380431888
606,4128,3.0,1380431909
606,4979,5.0,1380350283
606,5971,4.0,1380350047
606,6874,5.0,1380350336
606,7438,5.0,1380350339
606,27664,5.0,1380350218
606,55269,4.5,1380350261
606,62336,4.0,1380409270
606,72226,5.0,1380350252
606,73860,3.0,1380431943
606,79132,4.0,1380350008
606,94959,4.5,1380350244
614,3,2.0,1003253691
614,8,1.0,1003254119
614,28,4.0,1003253973
614,48,3.0,1003253691
614,52,4.0,1010620180
614,195,3.0,1010620148
614,236,5.0,1003253736
614,260,4.0,1003254048
614,261,4.0,1010620275
614,296,5.0,1010620205
614,309,5.0,1010620205
614,515,5.0,1010620148
614,527,3.0,1003253994
614,540,2.0,1010620205
614,589,3.0,1003254086
614,593,4.0,1003254147
614,608,5.0,1003253918
614,780,1.0,1003253712
614,858,5.0,1003253843
614,899,5.0,1003254006
614,902,3.0,1003253691
614,905,5.0,1003253918
614,910,5.0,1003254175
614,913,5.0,1003254102
614,919,1.0,1003253933
614,923,5.0,1003253862
614,928,5.0,1010620157
614,933,5.0,1010620259
614,942,5.0,1003254048
614,945,4.0,1003253795
614,947,4.0,1003254048
614,950,5.0,1003253933
614,951,5.0,1003253918
614,955,5.0,1003254086
614,965,4.0,1003253973
614,994,5.0,1010620111
614,1198,5.0,1003254086
614,1203,4.0,1003254147
614,1212,5.0,1003253933
614,1221,4.0,1003253853
614,1225,4.0,1003253955
614,1231,4.0,1003254032
614,1234,4.0,1003254006
614,1244,3.0,1003254175
614,1252,5.0,1003253874
614,1260,5.0,1003253973
614,1267,5.0,1003253896
614,1280,5.0,1010620127
614,1339,4.0,1010620148
614,1370,1.0,1010620090
614,1377,2.0,1010620090
614,1387,3.0,1003254086
614,1411,5.0,1003254157
614,1544,1.0,1010620180
614,1556,1.0,1010620225
614,1594,5.0,1010620243
614,1653,2.0,1010620111
614,1821,4.0,1010620111
614,1858,4.0,1010620243
614,1968,4.0,1003253736
614,2134,2.0,1003253736
614,2165,5.0,1010620225
614,2243,4.0,1003254185
614,2301,4.0,1010620036
614,2396,3.0,1003254016
614,2398,2.0,1003253973
614,2424,3.0,1010620290
614,2803,3.0,1010620243
614,2849,2.0,1010620036
614,2879,4.0,1010620090
614,2935,4.0,1003254032
614,3004,1.0,1010620205
614,3148,2.0,1010620148
614,3173,2.0,1010620049
614,3185,1.0,1010620111
614,3270,4.0,1003253736
614,3341,3.0,1003253918
614,3555,4.0,1010620225
614,3623,4.0,1010620205
614,3683,4.0,1003253955
614,3983,4.0,1003254049
614,3996,4.0,1003253955
614,4212,4.0,1010620127
614,4355,1.0,1010620036
614,4835,2.0,1003253884
637,24,3.5,1231346461
637,50,5.0,1343134397
637,60,3.0,1231346573
637,135,2.5,1231346553
637,318,5.0,1343134386
637,524,5.0,1231346519
637,750,5.0,1343134420
637,849,4.0,1231346495
637,858,5.0,1343134393
637,1203,4.5,1343142617
637,1221,5.0,1343134402
637,1409,4.0,1231346565
637,1586,4.0,1231346547
637,1947,2.5,1231346476
637,2231,5.0,1231346568
637,2580,3.5,1231346453
637,2746,3.5,1231346491
637,2944,5.0,1231346534
637,3361,5.0,1231346509
637,3489,3.5,1231346518
639,11,4.0,832450629
639,24,3.0,832450630
639,31,3.0,832451040
639,39,4.0,833991986
639,46,3.0,832765088
639,110,4.0,832450943
639,111,5.0,832450970
639,150,4.0,832450891
639,151,4.0,832451002
639,160,2.0,833991986
639,161,4.0,833991762
639,165,3.0,833991717
639,170,3.0,832451150
639,191,3.0,832765146
639,193,3.0,832451071
639,196,3.0,833992054
639,198,2.0,832764230
639,208,3.0,833991819
639,231,3.0,833991717
639,246,5.0,832451071
639,254,3.0,832765321
639,277,4.0,832451070
639,282,4.0,832451003
639,288,3.0,833991819
639,292,3.0,832450943
639,299,4.0,832764308
639,300,4.0,832450943
639,318,5.0,832450891
639,329,3.0,832450943
639,339,3.0,833991762
639,344,3.0,833991650
639,350,3.0,832764136
639,364,3.0,833992054
639,380,3.0,833991650
639,381,3.0,832451093
639,427,3.0,832451150
639,432,3.0,833991985
639,440,4.0,832764103
639,454,3.0,832451121
639,457,4.0,833991879
639,515,4.0,832764230
639,553,2.0,832764038
639,590,4.0,832450891
639,592,2.0,832450890
639,595,3.0,833991717
639,736,3.0,832450630
661,318,5.0,1190266808
661,637,0.5,1190265552
661,1019,4.5,1190265564
661,1020,2.5,1190265600
661,1027,1.0,1190265513
661,1077,4.5,1190265521
661,1103,4.5,1190265653
661,1185,5.0,1190265644
661,1242,4.5,1190266708
661,1259,4.0,1190266599
661,1263,4.5,1190266665
661,1296,2.5,1190265547
661,1704,5.0,1190266672
661,1958,4.0,1190265661
661,1965,4.0,1190265583
661,2013,4.0,1190265651
661,2352,3.0,1190265500
661,2686,4.5,1190265657
661,3198,4.5,1190266589
661,3363,4.0,1190265536
661,3552,4.5,1190266004
661,4262,3.5,1190266801
661,4483,0.5,1190266014
661,5952,5.0,1190266738
661,6104,5.0,1190266644
661,7153,5.0,1190266638
661,46578,5.0,1190266632
