15	10	1.62683245793
15	16	1.82257375324
15	94	2.31540811356
15	107	2.62522493289
15	110	1.88431856671
15	112	1.38270396186
15	157	1.55456237839
15	161	1.48059533062
15	162	2.33520082924
15	163	0.755440280744
15	176	3.51217057235
15	180	1.07779613755
15	214	2.5983166532
15	215	2.38424508527
15	216	1.64946016181
15	237	1.56848466479
15	292	0.463679715483
15	306	1.95280078085
15	339	0.721734500509
15	356	1.8615778272
15	441	1.57448217242
15	457	0.858652760544
15	590	1.93713313418
15	647	5.00118256523
15	674	2.93242834947
15	724	2.44903432297
15	786	0.624724634832
15	804	1.72610437018
15	836	1.10043459873
15	851	1.52526955394
15	908	1.8575596309
15	914	1.40148145413
15	931	1.17229856459
15	1059	1.36043294665
15	1084	1.52103516505
15	1093	-0.0670956599897
15	1097	1.41363666512
15	1100	2.29840202871
15	1136	1.19044849375
15	1147	3.30715876605
15	1173	1.98527556107
15	1178	3.51971051554
15	1179	1.49650386844
15	1197	1.49702320143
15	1200	1.22002916231
15	1201	1.70951530637
15	1204	0.66892503642
15	1212	3.37930899244
15	1219	1.42444898113
15	1243	1.81453972795
15	1249	1.32772379042
15	1254	1.17588633056
15	1258	1.95605616713
15	1260	2.64367043984
15	1263	1.88989762369
15	1272	2.306271173
15	1284	2.25709586384
15	1287	1.98523186049
15	1289	2.17987372563
15	1342	1.66162064086
15	1380	2.25296106953
15	1394	1.44787191524
15	1396	0.768867869283
15	1449	2.79026567628
15	1479	0.498808936112
15	1484	1.330029298
15	1517	0.831583579858
15	1546	3.76210045563
15	1552	1.33193123062
15	1556	1.68554012489
15	1635	2.68493565382
15	1673	1.90070185816
15	1682	1.10974453078
15	1690	1.42730981644
15	1704	1.34775030924
15	1717	0.893934252678
15	1792	1.90255268514
15	1805	3.24762525899
15	1816	3.62497069955
15	1836	0.573203109931
15	1845	2.96572931864
15	1862	1.36425014233
15	1889	2.96571733038
15	1909	1.81270167878
15	1917	0.660683604882
15	1921	2.44585034852
15	1923	1.33420024487
15	1950	2.0166545491
15	1961	1.9139678997
15	1964	2.28245858764
15	1994	2.63781857464
15	2006	1.64057257068
15	2041	0.839095323283
15	2054	0.987713426386
15	2060	0.0986720995045
15	2064	2.39020389032
15	2100	2.39357116179
15	2174	1.51779589187
15	2231	2.69100801405
15	2232	2.2295000814
15	2243	0.688791942981
15	2269	0.57723504042
15	2289	3.30590049542
15	2355	2.29820547556
15	2366	4.70120156625
15	2387	0.779581996708
15	2395	1.02796910745
15	2455	3.50861123705
15	2467	2.45838044946
15	2539	1.70077180669
15	2572	2.68204187924
15	2580	3.2547161017
15	2581	1.2042998381
15	2585	2.40683748347
15	2600	0.896534043016
15	2617	0.537655167551
15	2700	1.32547526464
15	2712	1.19574856311
15	2729	0.842849223595
15	2761	2.30836573207
15	2770	3.14488617213
15	2840	2.70163198879
15	2993	1.61919057279
15	3005	2.87407439082
15	3019	1.50647030063
15	3030	1.38860156006
15	3039	1.56545400853
15	3077	2.24250672508
15	3081	0.227350227763
15	3082	2.297979583
15	3147	2.71295241914
15	3219	1.44700532407
15	3265	2.73529881568
15	3362	0.584555387624
15	3408	3.12959681196
15	3418	1.60826491759
15	3429	1.83305321388
15	3462	1.65819382892
15	3552	1.44813671325
15	3555	0.848876318116
15	3556	0.871774234398
15	3618	3.79616504581
15	3633	1.40333842651
15	3638	1.61908617179
15	3639	1.31426902275
15	3671	1.52772740575
15	3717	1.29096292316
15	3745	1.7572076886
15	3786	2.85590921935
15	3788	1.76682158732
15	3793	0.600923746818
15	3861	4.16410890083
15	3882	1.23293381401
15	3893	2.21712036802
15	3967	3.34162286694
15	3988	1.41376794393
15	3994	2.73314704532
15	4017	3.61391923847
15	4020	2.80053191565
15	4025	3.49882990097
15	4029	2.95870674279
15	4037	3.03575532564
15	4161	0.930634928087
15	4167	2.41455347506
15	4168	5.12175450172
15	4223	1.78001004755
15	4225	2.86021540553
15	4270	2.04191590564
15	4343	1.70131836936
15	4367	1.61787674772
15	4380	1.23013415849
15	4383	0.982653332948
15	4388	-0.0604261689446
15	4448	2.94125479345
15	4450	3.55585789297
15	4451	4.3556055602
15	4489	2.55169748105
15	4641	2.60447094301
15	4642	3.03008480661
15	4713	3.36664469905
15	4720	0.859690024381
15	4734	1.33904938192
15	4776	3.15615564206
15	4816	1.09728543211
15	4823	1.23561009774
15	4896	1.79337397222
15	4975	0.434107809847
15	4993	2.42037726365
15	5000	1.83958134993
15	5066	3.84922276355
15	5110	1.74777205034
15	5171	3.07108776302
15	5218	2.0559007822
15	5279	2.27305171373
15	5299	1.85483110053
15	5308	0.760842133379
15	5339	1.42306504166
15	5364	2.95306026169
15	5377	1.52226478152
15	5419	2.79245435729
15	5872	2.42859755097
15	5909	3.87846980193
15	5956	1.58865868509
15	5957	1.75716433492
15	6155	0.92605849813
15	6271	2.72894224134
15	6303	1.65305688749
15	6380	3.29170643105
15	6539	2.13668883755
15	6586	2.74650876113
15	6650	2.15943191748
15	6874	2.12290753077
15	6944	1.51523748819
15	6975	0.210205928023
15	6978	2.21587357835
15	6979	1.52482764656
15	7147	1.87664102112
15	7173	3.64357063424
15	7293	1.96103553267
15	7317	1.20319862382
15	7325	0.622656150895
15	7361	2.40757758956
15	7445	1.56576645891
15	7569	1.26536853646
15	8528	0.592629215256
15	8638	1.75590622557
15	8644	1.77973165237
15	8665	2.45301375949
15	8865	1.18717302057
15	8917	1.95701634889
15	8948	2.54669367117
15	8961	1.27280445343
15	8984	1.22460000529
15	26810	1.84516027171
15	27020	2.1705447664
15	27478	3.33124956218
15	27821	0.766398323177
15	33493	1.74028193175
15	34405	2.89867514016
15	37729	3.52005962813
15	38061	0.953207238195
15	44788	1.19740547775
15	45720	0.585935439408
15	47610	2.61166786543
15	48780	1.77559322063
15	51540	4.20099069957
15	52604	1.85723302369
15	53972	1.69057770899
15	54372	2.69832850895
15	55830	1.86020150311
15	56367	2.09629473439
15	56782	2.44316231511
15	59126	2.6493954179
15	60072	1.39856121577
15	60766	3.83609879497
15	61132	1.91048830491
15	62434	0.734906435055
15	63113	1.98402423433
15	66203	1.50196710929
15	66596	2.37330789086
15	66665	3.26939045129
15	67087	2.19059908967
15	67734	0.508808266643
15	69306	2.14614070167
15	70286	3.05617859303
15	70336	2.63495151805
15	71282	2.76561815447
15	71464	2.95749409601
15	72226	2.32236112101
15	76093	2.63642254929
15	77561	0.645381877978
15	79132	2.0706917533
15	79185	3.04435054211
15	79702	1.48521100211
15	80185	1.72162566702
15	80862	2.37037017375
15	81158	3.94087662488
15	81229	3.43187668747
15	81932	2.58197875159
15	83349	1.65230015936
15	83613	1.37858246898
15	86898	0.291756743066
15	87306	2.39098701724
15	87520	3.23040442594
15	88950	2.63063840768
15	89745	1.97838143685
15	90439	2.56803357862
15	90746	3.64294666472
15	91505	2.38529874292
15	93363	2.70169329054
15	94677	0.987387758536
15	94780	1.04968236741
15	94833	1.30487049441
15	95311	1.01004871847
15	97866	2.57569567451
15	99114	2.77636796836
15	99811	2.58234393229
15	100517	3.10383036485
15	100745	2.56192428628
15	101864	2.12611063905
15	102123	2.85062769913
15	103228	2.7321072129
15	103810	1.81478075634
15	104241	2.70927423831
15	107406	3.8897890638
15	110127	4.1910381836
15	110730	2.63527024536
15	111364	2.50712516065
15	111622	1.58690343136
15	112370	2.16344828972
15	112552	1.65171470844
15	112556	2.13692180757
15	115149	2.3235807417
15	115569	2.79177185513
15	116161	2.15034893664
15	116799	1.97969390862
15	130490	4.5420577051
65	1210	2.80557914856
65	1230	3.48134419668
73	6	2.81939951012
73	25	3.13817950411
73	31	1.95860217253
73	36	2.87560201243
73	63	2.97667758904
73	69	3.41052862489
73	107	3.64188124891
73	150	2.32895241317
73	169	5.82127722607
73	193	2.09504136331
73	198	3.33537908377
73	223	2.80723893465
73	231	2.79475746258
73	246	5.28174000188
73	288	2.90999329879
73	292	1.93351683495
73	293	2.56538175936
73	300	3.7251677849
73	327	4.54045722832
73	374	2.82922758075
73	431	3.37862461158
73	435	1.60645740564
73	456	3.87734825724
73	482	5.55134914438
73	493	2.72842883379
73	588	2.65910012995
73	590	2.09361297667
73	628	3.38700786165
73	648	2.83401753719
73	708	2.43376902886
73	737	4.37237518543
73	741	3.96983939018
73	780	2.57856185206
73	786	2.75873731231
73	1025	3.60062706541
73	1029	4.98072883609
73	1036	3.51902958035
73	1059	3.55287379092
73	1060	3.24897596121
73	1080	3.14225464772
73	1127	3.61280880563
73	1129	2.73026180319
73	1193	2.89809255016
73	1197	3.10142363094
73	1198	2.81868713601
73	1214	2.87372966022
73	1252	3.36048289597
73	1257	3.66519954928
73	1265	2.31778795312
73	1266	2.48820077297
73	1282	3.12078698063
73	1285	2.79453268176
73	1291	3.00980049691
73	1293	3.78532243418
73	1302	3.21404258648
73	1343	2.90848378365
73	1347	4.24272115376
73	1358	1.99845858615
73	1408	3.42376651427
73	1438	2.93195203115
73	1515	3.44112892517
73	1527	2.49898781533
73	1562	1.94370067451
73	1566	2.64328049175
73	1590	2.4885273371
73	1591	4.02145392752
73	1597	2.57208899804
73	1603	3.02503047073
73	1625	3.84430502346
73	1653	2.61316545471
73	1673	3.16727487973
73	1681	3.17393299674
73	1704	2.65062051869
73	1792	3.75716064533
73	1862	4.96761233985
73	1882	2.52705811276
73	1884	2.7635864659
73	1909	5.01407865957
73	1997	3.37614693793
73	2003	3.31444387835
73	2028	2.62597676936
73	2052	3.43026310181
73	2058	2.94310536083
73	2082	3.06486902773
73	2087	2.76686211726
73	2089	3.60771227639
73	2096	3.72046741617
73	2123	3.77094159849
73	2174	2.1487759279
73	2194	3.476537012
73	2195	5.89702112225
73	2273	3.33628666433
73	2335	4.408368876
73	2340	4.00529435478
73	2378	5.11977028167
73	2406	3.11056407978
73	2431	3.00106760828
73	2451	5.69140088449
73	2529	3.46765489806
73	2596	3.25383095177
73	2599	3.34248399138
73	2617	3.05820614069
73	2683	2.74187941659
73	2707	4.05217167503
73	2716	2.67475398427
73	2770	2.96051736215
73	2791	2.62534282136
73	2862	5.93045607201
73	3036	4.35481741137
73	3070	3.68391029292
73	3101	2.94881508129
73	3113	1.76913130974
73	3173	3.93258113753
73	3174	2.97455504061
73	3255	2.92351206713
73	3256	2.90883036306
73	3263	2.59085579955
73	3362	5.19851126339
73	3424	3.55182396256
73	3438	3.14224974949
73	3448	2.42445957621
73	3552	3.49450031698
73	3704	4.32173707955
73	3717	2.45286465079
73	3735	4.19404193308
73	3843	5.28107579116
73	3861	5.14526674044
73	3961	5.16462422417
73	3967	4.52446328168
73	4034	3.49535328233
73	4054	2.98653715978
73	4239	3.11272097423
73	4262	3.00148266701
73	4275	3.0773205927
73	4299	3.41496163808
73	4310	2.71062265908
73	4351	2.61915401587
73	4370	2.74428639374
73	4444	4.73986691007
73	4519	3.50027855644
73	4624	3.6168481568
73	4744	4.16110935017
73	4800	2.52039902111
73	4855	3.47481071414
73	5010	3.70170698014
73	5055	3.37635106765
73	5064	2.81536013283
73	5110	2.85908386047
73	5159	4.07758837463
73	5205	4.8205303171
73	5283	3.64347346427
73	5449	3.57486237129
73	5463	3.05991994723
73	5507	2.1241924932
73	5673	2.73969717414
73	5903	2.38384416847
73	5942	3.51259090774
73	5943	4.56226067532
73	6218	2.53901780968
73	6378	2.65567715565
73	6383	3.48431468746
73	6534	2.52668371667
73	6539	3.28499220018
73	6593	2.49047734316
73	6595	1.86668011432
73	6664	3.04534162383
73	6707	4.73118237119
73	6796	3.90716891966
73	6803	4.67857458015
73	6863	3.57975550365
73	6870	3.05729369343
73	6936	2.57319265921
73	6977	3.56734012651
73	7046	3.6854749283
73	7143	3.17125557189
73	7153	2.97205163154
73	7308	4.48293574253
73	7317	3.50250960699
73	7387	3.32444845136
73	7454	2.66027389737
73	7502	4.33579545583
73	7845	4.4044731351
73	8360	2.51452073509
73	8371	2.73536540421
73	8373	2.68223540551
73	8507	3.5291008543
73	8528	2.66757588094
73	8531	3.11926485785
73	8622	2.10872831156
73	8665	3.2015856811
73	8906	6.05801582845
73	8917	2.5891660242
73	8957	2.17474782709
73	26547	3.89102794734
73	27369	4.15538043749
73	27604	5.43021524472
73	27646	4.73083563157
73	27660	2.24744094191
73	27772	4.02409713024
73	27778	5.34937036279
73	30707	2.39824088574
73	31225	5.94589302486
73	33166	3.07110283404
73	33493	2.93826914142
73	33679	2.43371834757
73	34162	2.30240047226
73	36529	3.23430733757
73	37731	5.29097341381
73	40278	5.3716384644
73	40732	3.09134471437
73	43919	3.39094002888
73	43921	5.44173506457
73	44974	2.35312086215
73	45183	2.62455162566
73	45672	4.64352608356
73	47099	2.95611548193
73	48385	2.78032374345
73	48394	3.44297366471
73	53121	3.67730924261
73	53322	2.24975253048
73	53996	3.35615311566
73	54503	3.14094911724
73	54648	4.16859702138
73	55052	4.65987166252
73	55094	2.13154813649
73	55207	5.15734905527
73	55232	4.27748219106
73	55721	3.50953638129
73	55765	2.91591424397
73	56003	4.78752433803
73	56367	2.81805740756
73	56801	3.85867985311
73	57368	2.54848125643
73	57528	3.86817082095
73	58559	2.72452735784
73	58998	2.64648522793
73	59615	0.741017802235
73	60037	3.17972745422
73	60069	3.33623094797
73	60074	2.29466467735
73	60487	4.9657030459
73	60684	3.17533777784
73	60756	3.9272525904
73	61248	3.06515970672
73	62801	4.66557907736
73	63826	3.32444143051
73	64614	2.99020467376
73	64983	2.83915299822
73	65126	5.16227075678
73	65310	4.49819178368
73	67255	4.97230493592
73	68358	3.02292612571
73	68554	3.21052604389
73	69640	4.99145830022
73	70286	3.84262665312
73	71135	4.79936694839
73	71248	3.57947023539
73	71379	5.06024291964
73	72226	3.12915274913
73	73321	4.89569961225
73	76077	4.99741964028
73	78209	3.61710765221
73	78772	2.42109888328
73	79879	4.9771055202
73	80693	2.66503849937
73	80831	5.32672099949
73	80846	3.03161541314
73	81660	3.37234602627
73	81788	2.02458582653
73	81834	3.29612735624
73	84152	3.72840547709
73	86882	3.02151386487
73	88129	2.78331109268
73	89343	3.730518843
73	89470	3.84819030306
73	89745	3.69819016601
73	90430	4.80617051932
73	91485	3.25355361037
73	91529	2.98644452523
73	91630	4.6625000128
73	93363	3.8753700916
73	93510	4.46417524623
73	95441	3.70683936142
73	95510	3.9773396716
73	96821	4.76635853104
73	97752	3.75165195478
73	97921	3.9582430215
73	99145	3.61880817587
73	100159	4.8486469989
73	100383	3.41494686963
73	101525	3.97296175628
73	103772	2.4387713455
73	105213	3.26282288101
73	106487	3.7297457093
73	106918	5.25191896353
73	107406	4.62183766401
73	108190	3.26651362746
73	108981	3.15275548819
73	109074	2.43669996213
73	109374	3.94718247344
73	109850	4.68412289098
73	110127	5.11507559462
73	111624	3.90260470738
73	112183	1.4917601409
73	112556	3.67243773413
73	112623	4.68097698661
73	115122	4.50555444498
73	120466	2.64204130875
94	50	3.99065754111
94	110	3.85454945774
94	231	2.53579798385
94	292	4.03887790844
94	353	4.74446633392
94	590	3.29631165849
94	1049	3.87699134231
94	1270	3.5176997163
94	1580	2.68401019191
94	1682	3.52637876997
94	1726	6.12430949343
94	2324	3.47588102208
94	2501	4.70215653173
94	2571	3.64131987411
94	2628	3.09926516944
94	2762	3.83254274352
94	2858	4.26890921401
94	3147	4.29463690822
94	3243	1.79382265193
94	3441	4.75909132148
94	3471	3.84858728546
94	3593	2.94464142019
94	3949	4.1958999117
94	5349	2.22363267979
94	5418	4.06283212207
94	5502	3.75000302352
94	5679	4.14151117663
94	6377	3.74364262843
94	6539	3.16943008323
94	6934	2.0908499723
94	8132	5.86594694025
94	8781	3.66308500206
94	8784	3.26861901064
94	8874	3.71418255437
94	8961	3.32396449368
94	32587	3.53662579165
94	34162	3.37420417377
94	40819	4.23950527729
94	46976	4.90593055395
94	47099	3.36979324113
94	54503	3.40739601582
94	58559	2.88721564439
94	64620	3.51847006692
94	64957	2.98035297544
94	76251	2.6064770893
94	79132	3.40860126179
96	527	2.67391092267
96	724	5.68739058586
96	750	2.99300095189
96	903	3.59237140798
96	905	3.73139169864
96	922	2.66512070129
96	930	5.5892642338
96	1104	2.81767544836
96	1212	4.27060413115
96	1252	3.40389101948
96	4226	3.53657325453
96	7116	6.867266636
96	7361	2.49025348385
96	8128	3.84566225494
96	25850	4.42617589967
96	25947	3.8039421983
96	32525	5.24814087211
121	105	4.84894094232
121	110	3.48927760303
121	256	3.76152579927
121	296	4.71954123886
121	307	5.20889647913
121	357	2.87394374756
121	380	3.43799260073
121	480	3.90905474008
121	527	4.28082936706
121	539	3.28429341238
121	585	3.60478899427
129	1027	4.58928186724
129	3578	4.02062238891
129	3593	1.60549908211
129	3617	2.51722170255
129	3624	1.75028477116
132	296	3.91362328257
132	364	3.52827447263
132	593	3.66951758508
132	595	3.67442315253
132	2571	3.44018590634
132	2843	5.81003897303
132	2997	3.17089276426
132	3744	5.24838873222
132	5902	4.14707329524
132	8014	3.73252048764
132	30810	2.68260242313
132	44694	4.20883792861
132	48082	6.09270232761
132	56367	3.68317395597
132	65261	3.16960441995
132	66665	5.26481105979
132	69757	4.60653718504
132	71899	4.57620574964
132	72226	3.77891535286
133	110	1.73604004226
133	318	1.91471869935
133	551	2.28540491723
133	593	2.68273173649
133	1222	1.73595970703
133	1270	1.54899572384
133	1271	1.46224864552
133	1527	1.90707514215
133	1653	0.963201867637
133	1968	1.52494820223
133	2096	4.02254031772
133	3977	1.06116813703
133	4973	1.88454271615
133	4993	1.72625417673
133	5608	3.67607441675
133	7323	1.18919112456
133	30707	2.33408153562
133	48082	2.45495296943
133	55247	0.422869320909
133	56367	1.5343632651
133	59995	2.44515223887
133	69757	1.78299789366
133	69844	4.32040595161
133	72641	1.33570709546
133	88125	1.50154905334
133	96821	5.46080687887
133	98056	3.11996085901
133	98961	1.36680553475
133	102792	2.4944842777
133	102993	4.44648770516
133	104879	0.50388422639
133	106441	3.16326210175
138	858	2.73397781387
138	924	3.8503270305
138	1201	3.32389046184
138	2329	3.17345920579
138	2959	3.56887266243
138	4995	1.56879483206
138	5349	2.81021003422
138	8360	2.38917097472
138	8961	2.61265255193
138	33794	2.43514302712
138	44555	2.3628253815
138	48516	2.81311840841
138	48780	3.19839301425
138	55247	1.88604048522
138	68157	4.9230763292
138	79132	2.93975944304
138	88810	3.16575289391
176	296	4.5302986375
176	364	3.10910163955
176	541	4.01686919032
176	648	3.50759007352
176	1381	6.51228847819
176	1527	2.76608746162
176	1947	2.64776541579
176	2054	2.65722408793
176	2096	4.51818763738
176	2671	2.29364214218
176	3000	3.80054734296
176	3034	2.66041500274
176	3752	1.13240929646
176	3997	2.8160901254
176	4896	2.81057462138
176	5064	2.25121455771
176	5218	1.87985233985
176	5445	2.90812176745
176	5502	2.86272565096
176	5618	4.00200021349
176	5989	2.68812177607
176	6287	2.42911328902
176	6378	2.62800920577
176	7458	1.88555533818
176	8981	2.02380873897
176	31658	2.79066490672
176	41571	3.54058799629
176	44191	2.8622414656
176	44849	4.67495364405
176	46976	4.07194888524
176	50068	2.95992903127
176	51662	2.58322154735
176	55167	4.53811764513
176	59615	0.612652776791
176	60069	2.8614761907
176	66198	4.57901695412
176	71282	4.46476183213
176	74458	2.81069346336
176	80864	1.70361134903
176	82463	3.25941688204
176	88129	3.29165038406
176	89745	3.3849962269
176	89761	4.54942782671
176	89804	3.29236804303
176	90866	2.27605157215
176	91500	2.27233832046
176	91529	2.40444790066
176	103253	2.81794191379
208	1203	4.07743481705
208	2858	3.26667100509
208	2959	3.83135952663
208	4149	5.83419304861
208	4238	5.20105249239
208	5364	6.0720654559
208	6763	2.33124776029
208	97921	4.10301093135
208	106916	4.28431518988
208	106920	5.06917717133
212	5	3.52959293587
212	10	2.99574757367
212	168	2.94334195971
212	208	1.88462083333
212	300	3.85361601953
212	317	1.90092974639
212	357	2.40266382329
212	440	3.59245211502
212	457	3.55140726764
212	474	3.32082393861
212	500	3.35907539603
212	508	3.821227271
212	527	3.57826200605
212	551	2.22180100449
212	586	2.64897329093
212	588	2.82410225279
212	593	3.86061981402
212	595	3.52248973542
212	596	2.56854029767
212	597	2.59593259796
212	613	4.34730619664
212	778	3.47114376032
212	784	1.40462495756
212	830	5.18499560677
212	838	4.90429740716
212	899	3.80845641425
212	903	4.20102307037
212	919	2.9301600231
212	920	2.87769601027
212	953	3.4098631758
212	1027	3.42771433262
212	1028	3.20536027569
212	1103	2.99780889678
212	1148	3.7376096775
212	1178	5.6901196456
212	1200	3.82494533186
212	1222	3.26237130798
212	1230	3.22525094477
212	1240	2.97827034681
212	1247	3.35795231227
212	1259	2.57939906724
212	1266	3.14034117726
212	1270	3.38148977773
212	1287	3.74987300992
212	1370	2.42358874582
212	1380	3.51962424407
212	1387	3.11513312467
212	1393	3.36430715202
212	1411	4.26571407258
212	1517	2.95367689902
212	1586	3.14271945047
212	1639	3.17465289066
212	1644	1.34964113642
212	1732	3.48605567847
212	1960	2.90738054538
212	2000	3.53187002709
212	2005	4.47094589698
212	2087	3.81685696129
212	2096	3.7561250315
212	2145	2.58667718413
212	2167	3.52353501988
212	2268	2.52335041207
212	2278	3.59672313711
212	2294	3.1276492104
212	2329	2.99906655687
212	2394	4.26933199486
212	2398	4.51885223596
212	2455	4.7911882014
212	2542	3.43564347696
212	2571	3.77683753755
212	2688	5.1531057309
212	2717	3.95895182976
212	2728	3.87714832714
212	2908	3.1963387442
212	2915	2.56524063188
212	2997	3.55561927397
212	3081	2.92767346782
212	3147	3.76098396134
212	3155	4.75544268101
212	3168	3.66192226763
212	3176	3.57112402074
212	3252	4.03316878578
212	3301	3.40717182944
212	3362	5.31207264552
212	3448	3.32446757701
212	3467	3.04089565414
212	3556	4.85160371533
212	3617	4.31336123134
212	3753	3.5841635413
212	3793	2.62957579235
212	3869	3.03248011635
212	3948	3.79030806172
212	3967	4.08772772938
212	3996	3.82573234619
212	4011	3.69462680415
212	4016	3.50932744004
212	4018	2.40383012233
212	4034	3.38292925544
212	4069	1.68482599114
212	4148	2.92707706973
212	4161	3.83397958278
212	4212	5.4642688097
212	4321	4.26472133264
212	4370	2.65032375537
212	4720	3.46688025938
212	4776	4.55941660771
212	4857	5.61496329463
212	4865	3.50927031787
212	4887	4.29804639279
212	4896	3.3190644466
212	5134	4.53522251741
212	5254	3.89515692903
212	5316	3.56786993225
212	5389	5.52370340325
212	5444	3.49615484452
212	5507	2.8464212805
212	5611	6.21575029702
212	5650	3.75113408877
212	5669	3.18358485976
212	5747	4.52376488948
212	5876	5.69368026778
212	5992	4.38138814478
212	6297	4.05012905598
212	6365	2.61157987515
212	6743	2.48017681505
212	6863	3.92311661871
212	6879	3.24853570094
212	6947	3.35511752541
212	6953	2.87547169041
212	6979	4.02730614331
212	7060	4.32763631071
212	7285	4.3245882874
212	7293	3.63579193373
212	7669	5.15581515712
212	8371	2.56736096078
212	8493	4.90652403004
212	8636	3.06242248505
212	8641	3.67545830971
212	8781	3.01605399457
212	8807	4.12212715997
212	8873	4.06427196587
212	8910	3.40420678347
212	8957	2.96424177503
212	27904	2.87333571924
212	30793	2.38582443854
212	30825	3.93416794875
212	31694	4.83935207891
212	33493	3.46749592298
212	36401	3.22234064902
212	36517	4.63237900759
212	36519	3.41011220558
212	36525	4.17716927768
212	38038	3.80732342417
212	39435	3.17463308792
212	39446	3.91992435676
212	46322	4.56086047524
212	46578	3.60018370576
212	46948	6.25310456814
212	47382	4.70476627625
212	47610	3.71900825585
212	48997	3.52359839185
212	49772	4.19245487216
212	52435	3.89986243081
212	53322	2.79019324331
212	53972	2.69325145191
212	54190	3.8583073466
212	54286	3.54355660475
212	55451	3.82254501742
212	58347	5.51062333091
212	58559	2.93150282988
212	59315	3.3661778396
212	59501	4.51131815783
212	62113	5.11630246802
212	62849	4.48819784003
212	68157	3.47374351825
212	68319	2.20146076685
212	68358	3.77887015786
212	70286	3.99150544302
212	71057	3.17490761866
212	72407	3.53601859686
219	50	3.10968240972
219	216	1.27358756044
219	231	2.19366922643
219	500	3.63656649603
219	1036	2.92371126437
219	1042	4.05443895627
219	1136	3.81257591614
219	1394	1.74581844633
219	1580	2.02877423618
219	1682	2.4456737448
219	1907	1.1667935285
219	2011	2.32364666744
219	2502	2.88507276818
219	2688	5.60015949216
219	2694	4.67302475883
219	2791	3.62787242151
219	3263	3.43172485348
219	3717	2.26888360319
219	3793	2.7956366554
219	3998	2.50639545652
219	4018	2.49437981282
219	4022	2.90269482165
219	4351	2.94698906103
219	5952	2.42158364215
219	8528	1.36021461276
219	8961	3.10206203428
219	47640	3.40967461008
277	110	4.25905552098
277	356	3.95021528876
277	589	3.87017963138
277	1200	3.00060335248
277	5618	4.38963527308
277	6365	4.19218513681
279	10	3.26761918367
279	34	3.05727901837
279	150	5.44195784203
279	151	5.18797580521
279	161	4.66507216416
279	185	4.3956125866
279	318	4.54150804215
279	349	3.85852148794
279	350	3.65619110589
279	367	2.83934752036
279	377	3.81842547493
279	440	3.42021680291
279	500	3.85346162224
279	527	3.96906750227
294	12	5.97306121352
294	39	2.65339329782
294	44	2.46793239395
294	73	4.85052743444
294	110	2.66585216919
294	170	2.33103605626
294	203	3.27142293091
294	207	6.56058906477
294	225	1.97123866987
294	253	2.72825787798
294	261	3.35251004734
294	262	5.84202323105
294	300	3.57197417825
294	338	4.97570368321
294	364	3.54569472249
294	368	2.95337902726
294	419	5.07287476517
294	455	2.96275719817
294	457	3.30947054445
294	520	3.34002201213
294	527	2.91788582099
294	587	2.42244840345
294	588	3.19920376617
294	648	3.55426709041
294	674	4.01544488879
294	709	4.96912393852
294	745	3.86060778097
294	780	2.94795244348
294	805	4.75555161548
294	903	4.0544625548
294	904	3.8730530161
294	915	4.88618643202
294	935	6.56788098312
294	938	5.6801380771
294	955	3.99734568299
294	1025	5.34147634619
294	1029	5.63873830225
294	1031	6.25051926313
294	1032	3.76723570442
294	1073	3.84361731087
294	1081	3.87479426164
294	1086	3.22963051323
294	1092	2.90980093393
294	1125	4.15235893272
294	1269	4.49077493218
294	1339	3.06457895317
294	1345	3.07032483184
294	1363	4.25805971396
294	1381	6.64247249496
294	1391	2.00879729688
294	1517	2.66402775221
294	1552	3.14534049215
294	1580	3.06852011563
294	1597	3.49483924819
294	1713	5.38168914531
294	1722	3.15498459633
294	1797	4.39710224905
294	1805	4.74782091665
294	1881	6.96300688979
294	1907	4.03721994088
294	1947	4.42623759866
294	1949	4.00247365903
294	1967	4.92906063076
294	1968	3.77882036403
294	2005	4.38997592981
294	2006	3.85065167868
294	2013	4.38739176284
294	2018	3.1354124497
294	2090	4.04893088912
294	2109	3.23624578345
294	2115	3.22041795113
294	2125	4.80293347317
294	2137	4.32987049589
294	2150	3.93088234443
294	2162	3.2340592267
294	2321	3.96305272465
294	2376	4.68595557471
294	2405	4.14620769868
294	2413	5.7485407628
294	2424	1.81509848452
294	2541	2.18331049109
294	2617	3.13455524923
294	2628	2.4542114544
294	2640	3.71794883175
294	2746	3.850123898
294	2747	5.70071126974
294	2940	4.64909245434
294	2989	4.08329126137
294	3081	3.27727982221
294	3156	4.46180658105
294	3168	4.3343896386
294	3174	3.22502597152
294	3175	3.0343601914
294	3299	3.43141276852
294	3363	3.96477697679
294	3398	4.5580727367
294	3477	5.86694896894
294	3481	4.1817946796
294	3546	6.33634706891
294	3552	3.71169755317
294	3604	4.53020618005
294	3623	3.00314110504
294	3639	4.9202452242
294	3793	3.18267595736
294	3877	5.13756940087
294	3968	4.07750308736
294	3977	2.51268609248
294	3996	3.9549329824
294	4030	5.70023889677
294	4069	1.68455279765
294	4133	5.24612730732
294	4212	6.59900922494
294	4291	4.26384723796
294	4359	5.08383603948
294	4367	2.70598233527
294	4499	4.68643785523
294	4508	3.90059134942
294	4678	4.80977540511
294	4700	3.46961433402
294	4738	4.93276145669
294	4774	4.63539778816
294	4846	5.01371245883
294	4857	6.07711010075
294	4886	3.36096922607
294	5047	2.15243299679
294	5303	3.60571180966
294	5313	2.44421800588
294	5349	2.7700683194
294	5419	4.11900900516
294	5452	3.88661799823
294	5460	4.29442628341
294	5530	5.03202322927
294	5540	4.02998906734
294	5747	4.28652165593
294	5957	4.43090956692
294	6156	2.79089271484
294	6294	4.5866316036
294	6378	2.74448386422
294	6390	4.62061080101
294	6646	4.86657483044
294	6709	3.86663148724
294	6754	3.56442105249
294	6863	3.2792565201
294	6874	3.54541875654
294	6888	2.43795220733
294	6889	5.5630489683
294	6893	4.0968066049
294	6996	5.63994196581
294	7060	5.54621166867
294	7228	6.74344739859
294	7375	6.24935522673
294	7380	5.16931970249
294	7386	3.29386392343
294	7614	5.1981791025
294	7720	6.12078450362
294	8008	3.90844125052
294	8580	4.7851329258
294	8948	4.89059351288
294	8989	6.72564344629
294	8998	4.27917144367
294	26152	5.59339550575
294	26662	3.29075577063
294	30816	5.07979344134
294	31221	6.67521975725
294	33679	2.68224450782
294	34153	4.07516774243
294	40815	3.36515045195
294	45517	3.37051728516
297	104	2.7630590993
297	910	2.41313883626
297	1227	2.42856194132
297	1232	2.209213988
297	1270	3.2634855229
297	1747	3.75033265927
297	1927	3.28013465474
297	2571	3.05313661647
297	2716	3.25159994335
297	2858	3.50543960995
297	2997	3.52074427093
297	3000	3.70668540989
297	3022	3.56428189386
297	3503	5.53969983439
297	3617	2.64817905192
297	5283	6.0189326636
297	6711	3.39544932094
297	7766	3.57709429146
297	34162	1.85090011255
297	44555	2.95811710223
297	55820	4.10192742883
297	58998	2.85053813916
297	62434	3.5598330059
297	63131	3.84557635038
297	76077	3.99695744527
297	78209	4.75059795619
297	86882	3.15790710134
314	260	3.73991093352
314	356	4.38034177464
314	1270	3.80661247535
314	112552	5.18353869805
314	114935	5.55038842758
316	260	3.37681759691
316	1036	3.14282161049
316	3481	3.97033873155
316	3827	3.37479197226
316	4011	3.6891057721
316	4993	3.79231469668
316	5377	3.30020862583
316	5378	2.44150647611
316	5445	3.01182226298
316	5872	4.34220444509
316	6157	2.86927760274
316	6541	2.56083604627
316	7153	3.67396565529
316	8984	3.17997907472
316	30793	2.43989154928
316	33794	2.13376421361
316	44191	3.73326397926
316	45722	3.10470921558
316	56174	3.34784584831
316	60069	3.53084155753
316	68358	3.44950354576
316	76251	3.49428407416
316	78499	4.13492765883
316	79132	3.59638355881
316	84772	4.32302185899
316	91630	5.14203198011
316	98809	2.65995688379
316	111362	3.69378141875
316	111759	3.48609037289
316	112852	4.21612689015
318	36	4.19330442875
318	376	4.44057424026
318	653	2.48773002093
318	673	4.71043723067
318	704	4.67993944759
318	784	1.52672466101
318	991	3.25190746918
318	1047	4.28523353257
318	1479	3.39463307408
320	527	3.55175685396
320	908	4.40322618883
320	1206	3.27019232347
320	3147	4.22406183574
320	4306	2.68921373546
320	6874	2.92241572324
320	27831	3.84734215069
320	30707	3.37949898075
320	30749	4.37849291448
320	30793	1.98555469677
320	60069	3.6870943353
320	60397	5.86214777067
320	85414	4.0280450427
342	36	2.3821931682
342	246	3.2622317759
342	296	3.69258782835
342	306	3.95921299035
342	308	2.24372053506
342	474	3.36925989971
342	647	4.77463517145
342	858	3.09695938293
342	898	4.13234634635
342	911	3.09237055575
342	912	3.02509535371
342	953	3.6571562687
342	1073	4.03187497978
342	1093	3.02122357619
342	1094	3.59998668152
342	1185	3.57646826223
342	1196	3.12022356488
342	1221	3.14865515268
342	1259	2.64878694409
342	1271	3.12773529383
342	1358	2.14835451095
342	1396	3.22881208928
342	1680	3.54670324084
342	1713	3.94529029123
342	1944	3.50803525569
342	1966	1.66745575031
342	2248	3.03384906431
342	2289	4.21368752805
342	2453	5.68558502711
342	2501	3.08019260078
342	2671	3.25280339692
342	2739	2.18362800209
342	2779	2.17676087664
342	2795	2.47248260964
342	2819	4.40741943154
342	2866	3.17138719731
342	2942	3.35508199417
342	2973	2.728933885
342	2985	2.92440689975
342	3114	2.9695913403
342	3152	3.75410686361
346	47	1.78712228464
346	185	1.25811160621
346	379	4.37290901498
346	504	5.71971275834
346	527	1.34053591238
346	555	3.29943705897
346	674	2.81778756965
346	735	4.78737258835
346	788	3.06978914937
346	1036	2.57655785379
346	1073	2.92599418669
346	1097	2.03565409886
346	1148	3.90647395203
346	1196	2.0362093695
346	1200	4.39268311888
346	1214	2.16486289174
346	1320	2.02073084846
346	1396	4.53738473733
346	1527	1.73661387863
346	1645	3.47014494096
346	1653	2.59431300053
346	1663	3.51573512976
346	1676	3.59608518229
346	1848	3.30934452177
346	2010	3.74545213505
346	2034	3.3424213721
346	2105	3.67951466939
346	2193	4.58590220856
346	2527	3.23209246158
346	2533	6.54479487334
346	2560	3.05098376469
346	2600	3.852928654
346	2797	2.70063057343
346	2916	2.83833702434
346	2985	3.59363132395
346	3153	3.97515345927
346	3624	2.67509312257
346	3627	4.8565414669
346	3755	3.37830382632
346	4105	4.87242058796
346	4128	4.68595110708
346	4232	4.630138333
346	4306	3.04397147136
346	4440	4.80665344981
346	4696	5.44908111331
346	4717	3.43156457622
346	4874	2.48796350631
346	4993	1.98920796162
346	5026	3.05082490013
346	5219	2.70133383817
346	5378	1.86004811591
346	5459	3.30359953928
346	5621	2.223337416
346	5902	2.77270004143
346	6659	5.82686577523
346	7482	3.78087882087
346	7757	2.87752228666
346	8633	5.86836712163
346	8636	2.42798841732
346	8807	3.67223772896
346	8874	3.00607891013
346	31804	6.21957405666
346	31878	3.45749852163
348	296	2.10255581649
348	299	7.3721851305
348	509	4.5405272463
348	523	4.92559151695
348	593	3.01627982402
348	678	7.78257584808
348	1207	4.11397544354
348	1213	3.99245053393
348	1233	5.17208490941
348	1673	4.42170156277
348	2289	5.9239823823
348	2324	4.0837897287
348	2858	2.74738871499
348	2966	4.80259999063
348	3476	4.13357202906
348	4424	6.51352986248
353	19	2.91210777837
353	32	3.58364183886
353	95	3.02526782047
353	150	3.09090104014
353	180	3.00305140789
353	253	1.83577957235
353	356	3.5724920583
353	370	3.95093783508
353	432	3.04061069035
353	440	3.22134049958
353	500	3.34108240607
353	648	3.34377823867
353	736	1.97536877217
353	745	3.58494933917
353	1073	3.23280006584
353	1089	3.89575254479
353	1196	3.27359844552
353	1240	2.80282019304
353	1270	3.56625884978
353	1291	3.63417336494
353	1367	2.12692182976
353	1393	2.46305721786
353	1580	2.74024298598
353	1676	3.99168559602
353	1704	3.25033713113
353	2002	3.23300768939
353	2081	2.28350636311
353	2194	3.80022045471
353	2403	3.2256905956
353	2826	1.89708566449
353	3020	2.20692486368
353	3039	4.08910074185
353	3052	2.72091134212
353	3081	3.15505556439
353	3175	3.45746472032
353	3213	4.4037236958
353	3527	4.29683220962
353	3552	3.56253707959
353	3578	3.31715883915
353	3745	3.43782164729
353	3979	3.06884010496
353	4034	3.91528888298
353	4159	5.27097770804
353	4388	3.76954683677
353	4623	3.83621478263
353	4638	1.70154140351
353	4735	3.07620036281
353	5049	5.16675119259
353	5055	2.31956303309
353	5064	3.86237925625
353	5103	3.68669103722
353	5219	3.15413185865
353	5254	3.36820993126
353	5377	4.06587003896
353	5400	3.10007064048
353	5420	4.04805484423
353	5574	2.66566636933
353	5669	3.58924647355
353	5872	3.16309792107
353	5945	2.91915099238
353	5989	3.69119887405
353	6213	3.55682477045
353	6365	2.2762949058
353	6593	4.14923555274
353	6754	3.59566505383
353	6879	2.90404820463
353	6979	3.15702979548
353	7164	2.96375597915
353	7293	3.52049229747
353	7439	4.26937067859
353	8360	2.64413130811
353	8376	2.44008745349
353	8798	3.03126835712
353	8865	5.27953306411
353	27660	3.19228536366
353	27831	3.67360124035
353	27839	3.94853960115
353	31221	4.82358511174
353	32596	4.51116983433
353	33495	1.97194136518
353	34271	3.26492579205
353	34405	2.77024886774
353	34534	4.89915413757
353	35957	2.56271627975
353	37477	4.32090156462
353	37731	4.25444716335
353	40278	5.48378562725
353	40339	7.0743356573
353	42002	4.04373218229
353	42011	3.95562146961
353	45431	2.1537704056
353	45726	4.3348939456
353	46965	2.39011317112
353	49530	3.92720838043
353	53956	5.32884629613
353	56003	5.25521517473
353	59369	3.02927067935
353	62849	4.81241733915
359	306	5.32605997789
359	1193	3.41002806489
359	2336	2.7214252377
359	2840	3.58536149615
364	306	5.06845139575
364	2424	0.448842752429
364	4018	3.51381969015
364	27611	3.57504068752
364	64957	2.75751061659
364	118997	3.11623100139
364	134853	3.53961856035
370	151	3.1342442785
370	288	4.79317217032
370	329	3.17745454676
370	541	3.29792949942
370	1208	3.34932074586
370	1263	2.94483259953
370	1372	3.56267112713
370	1374	3.60741387864
370	1517	2.79825124542
370	1580	2.01164850229
370	1625	3.38748427808
370	2762	3.09394079451
370	3994	2.34385478386
370	3996	2.93813723621
370	4349	7.65321102643
370	4993	4.5077228435
370	5349	2.86541574967
370	7153	3.94621791071
370	7445	3.40458071234
370	7991	4.14558034036
370	8810	3.7424597775
370	8928	5.20295621175
409	34	2.57369287081
409	35	6.28787392015
409	47	2.66995356625
409	50	3.49009484692
409	150	3.37190089557
409	194	5.98555384386
409	292	2.37466103376
409	296	4.2887455222
409	308	4.68625902934
409	349	3.31338372006
409	590	3.12834320203
423	32	3.46965702449
423	380	2.53829971885
423	520	3.25955491805
423	588	3.05841060649
423	743	2.94119555747
423	778	3.42830773017
423	849	2.80615265129
423	858	4.28497871393
423	913	3.04973891165
423	953	3.90461977774
423	1206	3.4997809875
423	1213	2.70759571516
423	1221	3.40102411607
423	1255	3.00710679142
423	1333	1.44463741609
423	1345	2.86217693311
423	1391	1.72882452742
423	1587	2.74526602882
423	1729	3.22145152245
423	2000	3.19649568424
423	2012	2.0677098003
423	2134	3.41093762989
423	2539	3.40207316356
423	2557	4.84086025122
423	2648	4.22149777736
423	2810	3.34883574403
423	2921	4.31696620012
423	2991	3.3427298611
423	3175	3.75842370126
423	3200	5.99734730703
423	3275	3.47967676886
423	3386	2.42206925474
423	3546	5.40487410945
423	3635	3.96424186008
423	3703	2.70731534646
423	3897	3.6066689536
423	3996	3.72157112392
423	4105	2.42540977669
423	4226	3.92463364024
423	4499	5.15009586764
423	4552	2.52140080361
423	4643	1.9542829322
423	4855	3.33898342771
423	5060	3.15638320803
423	5481	1.77254180252
423	6395	3.46402171948
423	6957	3.11976981423
423	7013	3.03435446711
423	7235	4.19863571709
423	7293	3.40654304432
423	8376	3.06476469399
423	27397	5.08761303401
423	31878	4.01386084391
423	33794	3.59865191827
423	35836	3.08933565555
423	37729	4.05819551441
423	42632	5.97301453796
423	44191	3.9486040414
423	69122	2.48068630607
423	70286	4.00390639052
423	74458	3.06776401048
423	79702	3.33132924501
423	82459	3.36419949433
431	246	6.05626834709
431	337	4.89837711815
431	497	4.00046685521
431	914	4.06583134691
431	1097	4.16813211068
431	1228	4.69863783586
431	1246	3.59973032706
431	1250	3.92200501613
431	1259	3.77848338172
431	1307	4.74065819323
431	2004	5.15532209382
431	2019	4.51113908146
431	2028	5.09245727596
431	2174	2.52327584675
431	2248	5.43935856922
431	2324	5.00617447722
431	2502	4.15277711732
431	2617	3.92116785499
431	2908	3.70879994518
431	2918	5.07828037303
431	2959	5.00262072575
431	3785	3.45579540887
431	3893	5.04639135812
431	3949	5.49127756388
431	3978	5.82840444291
431	3996	4.46249581083
431	4326	3.8358667493
431	4701	4.2352124266
431	4823	4.42961364887
431	4993	5.37091066456
431	5989	4.89768756978
431	6377	4.69738364866
431	6711	4.29483232811
431	6776	8.4249358493
431	6796	5.26313502288
431	6953	3.38457608558
431	6986	5.12478797741
431	7438	4.36466755849
431	8530	5.80725187042
431	8636	3.03520968261
431	8784	3.90661001825
431	32587	4.59374761898
431	36517	5.45265885071
431	39183	3.78955877292
431	39292	4.25493786711
431	40819	4.5362325038
446	4993	4.43881481197
446	68954	4.7081155532
446	111759	4.85503294902
451	2804	3.59321531712
451	3007	4.33862284693
451	3418	2.93099422175
451	3594	5.30930071435
456	260	3.65722668835
456	2692	3.33499693971
456	4306	3.4956892965
456	4896	4.26406185196
456	6539	3.26746294531
456	7099	3.93008436235
456	8665	4.72830966098
456	31658	4.52106911156
456	45722	3.78168139599
456	106471	5.47827707993
469	170	3.67915891402
469	468	3.60063116926
469	616	4.10572198771
469	1947	4.50534275104
478	318	4.16867155426
478	1089	3.54555718208
478	2329	3.72184100077
478	2542	3.193234104
478	2571	3.70498159662
478	2959	4.19087170632
478	3949	4.08367522948
478	4993	4.11930233341
478	6373	3.08439791009
478	7153	4.06129052376
478	8984	2.21724407373
478	48516	3.91547155099
478	55247	3.29421982377
478	59315	3.57307519546
478	72378	5.49094647481
478	79132	3.3976970472
478	81562	3.15251022211
478	91529	4.61993532202
478	106918	6.82873409976
480	165	3.09655137194
480	223	3.98319442026
480	296	4.57492244619
480	357	1.63529429665
480	367	2.60143354569
480	480	3.04592366282
480	588	3.89970209593
480	590	3.0506921516
480	1036	3.430600887
480	1097	3.57846519653
480	1213	3.18367305189
480	1265	3.25923738525
480	1408	3.68713426707
480	1552	4.55594648439
480	1569	3.47912940695
480	1680	4.749452945
480	1682	3.70221466984
480	2424	2.4228185373
480	2968	3.33186050329
480	3535	5.5006057389
480	4011	3.92901380797
480	4621	1.53057488155
480	4878	4.49456959847
480	5266	3.19690499147
480	5464	2.72355576821
480	5956	4.1843328631
480	6281	1.83504447086
480	6323	3.81935527852
480	6502	3.54847152289
480	6539	3.94416310088
480	6796	3.78781142694
480	6874	3.30647243236
480	7347	3.34579998464
480	7362	6.18096131527
480	7438	3.5731293906
480	8360	4.13710160578
480	8874	4.05632821531
480	27867	5.81419209202
480	30825	5.70789586617
480	32587	3.26129730677
480	33794	2.72850709183
480	34405	3.55380879409
480	36276	5.78005641421
480	37731	5.24896499664
480	40412	6.35030269235
480	41566	3.70317892195
480	41569	3.06472520784
480	43936	3.12432813039
480	44199	4.29412306407
480	45672	4.67197347205
480	49278	3.40874969241
480	49530	4.95381431064
480	51255	3.63828140232
480	53972	2.95514376019
480	54503	4.22952300254
480	59784	4.21356403647
480	61352	5.40636351706
480	62155	4.90434965839
480	64839	5.21544949351
480	66297	2.90667591209
480	67997	5.53948894432
480	68954	3.92164742234
480	74740	4.23880088665
480	81834	3.64420720296
480	93363	5.16609415862
480	94864	4.17741661612
481	260	3.29912265824
481	318	3.54749496377
481	356	3.24771012063
481	702	4.75870646641
481	1097	3.11681893862
481	1172	3.55440941275
481	1196	3.44005996153
481	1201	2.90151515168
481	1206	3.55973905301
481	1210	3.17402758567
481	1213	2.74400876832
481	1222	3.29371861779
481	1260	4.9969160736
481	1270	3.18636902298
481	1282	3.29467115966
481	1291	3.14450737953
481	1354	4.75110856614
481	1527	3.12001373364
481	1682	2.93775503943
481	1729	2.5073047316
481	1997	3.54204105327
481	2065	3.533476289
481	2571	3.58001861329
481	2712	3.43733734671
481	2731	4.15192441617
481	2858	3.57222569651
481	2918	3.12626835651
481	3010	4.92664864149
481	3134	3.53395151566
481	3168	3.57783669145
481	3310	5.31684089967
481	3362	5.96274439752
481	3535	3.7993155908
481	3560	5.9331373503
481	3629	2.92784586011
481	3863	3.18934389397
481	3897	3.74221505954
481	4011	3.16716185335
481	4226	4.09784884982
481	4270	2.82125697954
481	4343	4.05212456926
481	4776	3.9516717539
481	5147	4.5360093986
481	5269	6.96431338592
481	5459	2.42708747141
481	5607	5.14501586391
481	5686	3.12730192191
481	5945	3.48900405223
481	5991	2.65437728917
481	6333	3.07749014182
481	6385	3.11863611468
481	6666	2.62431376666
481	6888	2.88460256681
481	6975	3.95956461829
481	7323	3.77431727344
481	8645	4.25481072
481	8873	3.59847636524
481	8949	2.84938627725
481	33903	3.31087055039
481	34437	3.51489288856
481	36529	3.51850136093
481	41997	3.76301234407
481	44555	2.6392174125
481	46976	4.11877431095
481	48516	3.79989183105
481	50872	3.2330129813
481	56174	2.49450560007
481	68157	3.67813516345
481	68872	5.76215879835
481	68954	3.36427703986
481	74789	3.84227169955
481	77658	4.07323175386
481	81786	3.87722241869
481	85394	6.65092528513
481	86882	3.74763446838
481	88125	3.98637627017
481	106642	3.65241502774
481	106782	3.9885763626
481	107771	4.24747461652
481	109374	4.0320534224
481	109848	3.93233924781
481	111235	4.39825289488
481	111443	5.17982628267
501	36	3.48046784044
501	778	3.52295188476
501	1097	2.82920691674
501	1580	2.7222557955
501	2701	1.79029676296
501	2762	3.21342870835
501	2959	4.12313142524
501	3160	4.34020022396
501	3578	3.80848645322
501	4011	4.07300066785
501	4995	3.522571283
501	5319	4.50073725403
501	5816	4.02932283531
501	5989	3.29137919171
501	8644	3.19683291526
501	8950	3.77089737076
501	37731	4.38945971841
501	39446	3.7439574626
501	44199	4.00757981374
501	44974	3.90012419555
501	48780	3.90216211117
501	50872	3.13787161186
501	51662	3.50394593233
501	52458	4.54664694069
501	55721	4.58842694537
501	57368	2.79348628486
501	58103	3.96603609356
501	58303	6.39473689326
501	63082	3.60793210143
501	68954	3.24477172966
501	70286	3.49760218095
501	77798	5.26169526848
501	78349	5.84107393711
501	79293	2.81767272916
501	80693	3.57219286865
501	81562	3.27301391914
501	81834	4.31383537619
501	81932	4.8020701771
505	7	4.00369259549
505	224	3.12212190489
505	296	2.89912112665
505	337	3.03699450358
505	380	2.56610726915
505	527	2.51617103404
505	539	2.39653959
505	587	2.35989564853
505	898	2.80220347308
505	904	3.13597582989
505	910	3.53434806809
505	920	2.77905250462
505	923	3.12332592054
505	1090	3.04681808339
505	1172	3.81573450473
505	1177	4.25040151294
505	1204	3.49122253794
505	1220	2.42068382859
505	1230	2.96128226459
505	1247	2.37297582526
505	1254	3.89489646723
505	1256	2.99825697971
505	1258	3.06574066402
505	1259	2.65586368624
505	1260	5.20942338868
505	1281	2.95287070813
505	1284	2.91883145532
505	1387	2.45631789452
505	1597	3.67681151378
505	1608	2.81340860948
505	1617	3.04449868105
505	1619	3.14527595687
505	1711	3.43178330717
505	1894	4.55689781311
505	1982	3.93375828875
505	2020	2.67491669494
505	2288	3.75437993633
505	2300	3.05293169839
505	2398	4.7209438561
505	2745	3.87913782726
505	2791	3.05009705542
505	2915	2.63622760936
505	3022	4.49625737579
505	3035	3.94715344932
505	3101	2.77610068531
505	3105	3.87506927911
505	3160	3.57558893963
505	3176	3.62259635548
505	3200	4.94088804172
505	3201	4.38698150361
505	3210	2.94236363102
505	3247	3.12424896108
505	3252	3.17338102625
505	3307	3.53975266771
505	3386	2.93344275118
505	3462	3.5698716346
505	3510	2.75634575938
505	3545	3.15602464862
505	3639	4.10877726417
505	4007	4.19980538196
505	4018	2.97097050967
505	4027	2.59718313871
505	4326	3.11078921704
505	4557	4.49126465549
505	4995	2.61299792555
505	5060	3.62246845667
505	5299	3.23614489016
505	5502	3.46489862214
505	5876	4.94258544629
505	6228	5.15524741688
505	6787	3.63456292018
505	7055	4.30729405596
505	7215	4.84281870384
505	7573	3.89935764676
505	8958	3.05624346515
505	8961	2.55439126204
505	8966	2.90599125726
505	36517	3.57324200809
505	41285	3.70937351446
505	47610	2.96327712733
505	50872	2.55090046082
505	52967	3.89500553705
505	55269	3.28410587771
531	2	1.7181966149
531	586	1.60251227089
531	745	3.01071892659
531	1013	2.74694863879
531	1262	3.31793269692
531	1721	2.5890674916
531	2081	3.85777051918
531	2162	1.2545332723
531	2355	2.1594783146
531	2706	1.05731292436
531	3114	3.1097692856
531	3791	6.2899299498
531	3948	4.4261914032
531	4306	2.98233734866
531	5349	2.44529765621
531	5418	2.36800117708
531	5989	2.69590095856
531	8533	2.84464713239
531	54272	3.97084258367
531	56941	4.58859102278
531	62113	6.03005088184
531	63082	1.70592792861
531	68073	3.01416725877
534	1	3.51993395611
534	21	4.4858965352
534	34	2.70843375363
534	60	3.84413327184
534	150	4.05429762421
534	158	3.68594119199
534	163	4.4689321565
534	164	4.76421524047
534	224	4.19800238247
534	239	5.04866642802
534	292	2.30029132154
534	318	3.73860439146
534	349	4.07754762816
534	361	3.50209070952
534	364	3.55213061554
534	376	3.52415417398
534	434	2.84244398091
534	547	5.86211940952
534	586	3.862018972
534	628	4.84779206553
534	780	3.09023921292
534	799	2.17519173321
534	832	3.13156287679
534	996	5.96910458922
534	1049	3.3007308804
534	1213	3.23325250604
534	1405	4.56592509243
534	1407	3.13031203748
534	1457	4.46251194457
534	1479	4.0557962298
534	1485	2.82395844252
534	1515	4.52829905895
534	1580	2.50445030882
534	1608	2.24157865853
534	1631	7.90871233939
534	1835	4.45738961828
534	2278	3.21721941805
534	2353	3.29963075572
534	2429	3.07932309137
534	2688	5.47930991927
534	2707	4.61722267364
534	2881	4.98189999355
534	3809	3.2629664479
534	3835	5.33871075628
540	4226	4.3821830303
540	8783	1.06355127333
540	8866	3.69106366555
540	34048	2.39423126361
546	216	3.81486854963
546	318	4.63268432668
546	356	3.51876219289
546	1235	3.34263747875
546	1371	4.03877980894
546	1653	3.82551715993
546	2407	4.29212076194
546	2617	6.61266463065
546	3555	3.03519629773
546	4571	4.46416114695
546	4816	4.8872877442
546	33004	3.14028790727
546	52245	4.27394506833
546	58559	3.21792112505
546	60161	7.74376674051
546	62956	8.95956620853
546	64957	5.28750777089
546	76093	6.71701251229
547	7	2.84353692116
547	16	2.45238034403
547	25	2.0759631186
547	34	1.49550023233
547	94	2.45769441978
547	116	2.93911226879
547	161	2.36517209197
547	186	2.67123731313
547	193	1.92484869273
547	232	2.59604638787
547	235	2.30662646221
547	247	1.65157355148
547	261	1.8391066424
547	288	1.41924721277
547	318	2.4482298994
547	337	2.70749964115
547	344	1.64469064497
547	346	2.7074981443
547	357	1.34966085107
547	369	3.32999144185
547	371	2.32229884327
547	377	1.6994161474
547	381	3.21206427578
547	451	3.04552455693
547	457	2.36202453601
547	474	2.10496685623
547	477	1.99880728018
547	492	3.02140838127
547	495	1.77684130159
547	556	3.58857376834
547	562	2.58311784398
547	597	1.60153933196
547	608	2.18909445484
547	628	2.45696701826
547	685	4.02556369851
547	750	1.61639534909
547	804	3.65503174814
547	898	3.05101068187
547	899	2.39405459828
547	908	2.04080668237
547	921	2.63383724403
547	923	2.37041865198
547	924	1.73617319532
547	930	2.90883800623
547	942	2.34549657269
547	949	3.13329507502
547	952	3.16553919966
547	1012	3.53091113806
547	1014	2.31388590318
547	1022	1.90682723263
547	1023	1.85567139211
547	1028	1.56062400025
547	1030	3.17816727828
547	1082	2.66268076752
547	1092	2.07709402915
547	1120	1.90682944424
547	1147	4.0863091487
547	1185	3.27945975788
547	1188	2.73113735037
547	1191	2.05918967983
547	1193	2.18167395057
547	1194	2.36019712804
547	1204	1.92158433316
547	1207	2.80685753686
547	1213	2.18874942183
547	1219	1.74836630088
547	1220	1.75082457004
547	1225	2.20082268181
547	1231	3.07217968871
547	1233	1.73365653973
547	1234	2.2505918473
547	1235	0.763804532058
547	1244	2.15914646351
547	1247	2.24981717882
547	1249	2.0444005735
547	1250	2.22092872734
547	1251	2.48292078519
547	1258	2.07524388859
547	1261	1.85373192114
547	1278	2.10157065603
547	1290	2.15065103484
547	1300	3.78727161207
547	1302	1.45482943389
547	1304	2.38579190607
547	1305	2.53867713415
547	1333	2.06289129571
547	1357	1.80372029992
547	1392	3.13278352278
547	1393	2.19837116351
547	1395	2.8108465895
547	1396	1.74280319185
547	1449	3.2573635308
547	1475	2.75699641533
547	1476	3.08296648865
547	1517	1.91785904023
547	1610	1.97986637077
547	1625	2.79933965186
547	1682	2.01664728048
547	1719	2.20388832561
547	1732	1.88450715113
547	1777	1.68370710212
547	1805	2.62669732883
547	1924	1.19175745171
547	1936	3.50981195746
547	1947	2.36854136505
547	1950	2.65312564847
547	1951	3.18105302549
547	1952	1.67229295394
547	2013	2.75457369781
547	2014	1.9519104839
547	2023	2.80261859012
547	2025	3.04056885774
547	2072	1.09357660104
547	2085	2.37271126497
547	2087	2.62992552958
547	2110	1.98317896036
547	2112	3.90016376402
547	2150	2.23565736593
547	2160	1.99344560038
547	2176	4.47974612134
547	2186	1.83819930787
547	2243	2.0516985188
547	2283	3.0573594333
547	2290	2.66385798202
547	2348	2.99689707985
547	2356	1.80469569317
547	2366	2.9994661518
547	2384	2.58641097936
547	2391	2.16691542591
547	2395	2.03324291107
547	2396	2.02610654714
547	2406	1.32643957632
547	2416	3.35371303918
547	2454	3.34695337527
547	2501	2.45505575271
547	2535	1.98671937667
547	2539	1.8414444956
547	2551	1.71166712282
547	2571	1.98147791932
547	2572	2.047188409
547	2599	2.10020119336
547	2617	2.43725101321
547	2640	1.41645396496
547	2648	3.08087678369
547	2654	3.61529972607
547	2671	1.57692034843
547	2702	2.45652908098
547	2712	2.32535588382
547	2716	1.95482533252
547	2727	2.71208302138
547	2745	2.98292168191
547	2757	3.19489774037
547	2759	1.78093604861
547	2788	1.63945858952
547	2792	3.40375923105
547	2804	2.78224205452
547	2915	2.11900154323
547	2919	3.52314166234
547	2935	2.7004757654
547	2970	3.61933960067
547	2976	2.73094912
547	3005	2.56038323871
547	3007	2.31497714158
547	3019	3.69297414829
547	3090	2.86587279871
547	3097	2.08453606066
547	3098	1.35445346874
547	3104	3.28773141409
547	3188	2.24032549002
547	3199	3.2659690721
547	3200	2.23539916732
547	3219	3.921147614
547	3244	3.34649409426
547	3253	1.7291599744
547	3296	2.81602514276
547	3310	3.86422364681
547	3334	2.38203980298
547	3358	3.31343356668
547	3359	2.91466256675
547	3360	2.76908135381
547	3385	3.38415082849
547	3386	2.71343676571
547	3422	2.88237404103
547	3430	3.86659876766
547	3450	1.49618531806
547	3494	2.3719241681
547	3649	1.98422610276
547	3700	3.28615627884
547	3724	2.75348453061
547	3735	2.81876547998
547	3736	3.53013221042
547	3798	1.70620561146
547	3813	2.37436603191
547	3872	1.77619705343
547	3911	1.65206309005
547	3952	2.64562445964
547	3963	2.55802320643
547	3965	4.33026033129
547	3967	2.12117210466
547	3969	1.69992724496
547	3983	3.40750290809
547	3994	2.92604740391
547	4043	3.67289267006
547	4055	3.34733572275
547	4116	2.52587159088
547	4121	1.6273738046
547	4174	3.29772976251
547	4280	2.00927850564
547	4310	2.50997010402
547	4322	2.27614904158
547	4403	4.9940678363
547	4432	1.23163577676
547	4448	3.37253242197
547	4487	2.1128774362
547	4515	4.3492218949
547	4546	2.48442474051
547	4571	1.68861152887
547	4621	1.37424933673
547	4623	2.76559206782
547	4654	3.46443235451
547	4659	3.91797346445
547	4776	2.23068009448
547	4784	4.01867003581
547	4810	2.74851373192
547	4814	2.234945188
547	4835	3.02517739908
547	4848	2.51857853386
547	4889	2.21762170633
547	4914	2.16966326551
547	4963	1.64911304022
547	4969	4.13340846813
547	4979	2.10203566812
547	5013	0.892108921163
547	5049	3.77052862863
547	5225	3.04563134118
547	5502	2.26084279321
547	5505	2.89052054154
547	5528	2.9719534621
547	5617	3.04411635387
547	5638	3.30966278798
547	5875	4.83493012916
547	5876	3.53043512676
547	5943	2.50603259815
547	5986	3.1614470868
547	6031	2.63041416193
547	6109	3.77113726485
547	6170	2.45497970998
547	6218	1.8572531402
547	6232	2.69817953838
547	6281	1.18662006795
547	6323	1.75041991334
547	6327	2.47597206402
547	6400	1.76458504483
547	6480	3.58726174724
547	6639	3.31229289044
547	6658	3.16362808381
547	6662	2.07946388874
547	6663	2.92959632467
547	6666	2.33119279006
547	6676	3.60578217104
547	6735	3.4744979265
547	6873	2.62941147263
547	6932	2.82739238976
547	6935	3.40098255185
547	6954	3.6930075895
547	6970	2.61291041205
547	7018	2.97391794582
547	7023	3.00603139455
547	7060	1.83047277323
547	7073	3.54172803792
547	7079	3.20756946533
547	7084	4.97860869728
547	7132	0.784898956077
547	7149	2.55170390363
547	7150	3.18433834414
547	7154	3.42700610182
547	7158	2.87637107107
547	7160	1.36623512391
547	7171	3.1578314341
547	7182	4.68114852635
547	7222	2.58649982297
547	7386	3.60144991176
547	7585	3.38662106039
547	7615	3.78249383509
547	7669	3.69783345339
547	7713	2.23346964409
547	7766	2.80098664677
547	7831	4.06904091343
547	7943	2.69748814174
547	7959	3.43345832059
547	7981	3.77931738041
547	8125	3.55654142048
547	8183	4.38503894167
547	8191	3.05964930192
547	8196	2.03040200379
547	8197	3.36926562199
547	8261	1.89088332713
547	8477	2.88405829439
547	8507	3.12125555938
547	8528	1.77045368788
547	8535	3.26038442606
547	8618	2.09021184623
547	8641	2.03798304589
547	8661	1.77921613408
547	8667	3.90077133076
547	8772	3.61880798284
547	8781	1.47944520004
547	8907	2.50946025972
547	8917	1.79677812801
547	8958	1.72974268189
547	25769	2.1169246141
547	25777	2.83454331407
547	25825	4.16820430463
547	25865	2.93696534849
547	25941	3.5568821381
547	25952	3.82915991018
547	26084	2.61239348034
547	26163	2.40247627522
547	26487	3.75612923295
547	26501	3.50389971449
547	26689	4.93015398868
547	26782	3.07372880651
547	27020	2.699390033
547	30707	2.17187260896
547	30749	2.43977926764
547	31522	3.47891047015
547	31963	3.72157649492
547	32598	4.65477762254
547	32882	4.60232610855
547	32898	3.49322419225
547	33171	3.2521484646
547	33615	1.72990095493
547	34002	3.66651693004
547	34018	2.55910965248
547	34162	1.85203124912
547	38061	2.3274863937
547	38499	3.01233626227
547	38798	2.96996549202
547	40583	2.50890933707
547	43333	3.97370268919
547	44195	2.31950485994
547	44199	2.70337704805
547	44204	2.58491967999
547	45186	2.88955957955
547	45382	3.51442688841
547	47610	2.42240406233
547	47894	2.05936104009
547	48738	1.98837958767
547	50658	3.86191487977
547	50685	2.42624507835
547	51884	3.39174394159
547	53123	2.26207173044
547	55063	3.95147239115
547	55253	4.28747456285
547	55765	1.56997116842
547	55895	2.60006906842
547	58998	1.69576416525
547	59118	3.95166375895
547	59725	3.1718429828
547	60382	2.59551858848
547	60943	2.62020701274
547	61357	4.58470290871
547	61729	3.5269433698
547	63992	1.7730407899
547	64229	2.14751491396
547	64575	3.30264347241
547	65188	2.53446742574
547	65585	3.22914245978
547	67734	2.88415324991
547	69757	2.56819034988
547	70286	2.3226699203
547	71464	2.76568167617
547	71579	3.42124675883
547	72011	1.57631046843
547	72641	2.10889807451
547	73023	3.8025342717
547	74089	2.44242071964
547	74458	2.30259324118
547	74545	2.20747620625
547	75813	2.98253370514
547	75990	3.29859120436
547	80969	2.61736328532
547	81562	2.2023953704
547	81784	3.43124174633
547	82378	3.53827622141
547	82459	1.67853339124
547	86982	3.13856044374
547	89260	2.46626371014
547	89864	3.16134860594
547	90717	3.03696064693
547	91658	1.8936905691
547	97306	3.15462856547
547	98795	4.83830599201
547	98961	2.6934970401
547	101895	2.22339300856
547	102800	3.18464775036
547	102903	1.7031139554
547	102993	3.11177174739
547	104879	2.67426301598
547	105731	2.17451233523
547	106438	2.04392837106
547	107141	2.63508688491
547	107348	2.12263279545
547	110882	1.88649250421
547	111443	3.41836095287
547	111759	2.35873334082
547	112450	3.30113135643
547	113207	2.90894140001
547	114074	3.3071130212
547	114342	2.03381112724
547	115569	2.23113540654
547	116161	4.60633225358
547	118898	4.92647490789
558	327	5.08371978202
558	908	4.06652256693
558	1080	3.94050296168
558	1084	3.79511623949
558	1089	3.70820808926
558	1212	6.75492182068
558	1213	3.4209968053
558	1219	3.6808200742
558	1231	4.30480988036
558	1446	6.64019872777
558	1609	5.87571215858
558	2664	4.54179100875
558	3055	5.14121212253
558	3089	4.60226450821
558	3150	4.9675597764
558	3176	3.61449256955
558	3301	3.9240739376
558	3510	3.43896518893
558	3735	5.76386217298
558	3751	3.2490496042
558	3788	4.20097544016
558	3791	4.88395592548
558	3811	5.83439154059
558	3873	7.70798169976
558	3983	5.08562531257
558	3996	4.17889765257
558	4014	4.29702427488
558	4017	5.12680932384
558	4148	4.02324819071
558	4174	5.9670320845
558	4178	4.98804182066
558	4234	3.62307900676
558	4246	3.69814605466
558	4306	4.11520325553
558	4345	5.12459113114
558	4743	4.93399870399
558	4844	4.92008268317
558	4848	4.50784582982
570	150	3.75500263912
570	296	3.67645366028
570	648	3.68100673528
570	780	2.69386520381
570	1036	2.94495392159
570	1544	4.44043216121
570	1584	3.54587954568
570	1704	3.50257078948
570	1917	3.79605475776
570	3624	3.23276356062
570	3916	3.37864624723
570	4896	3.39808044462
570	4993	2.69158926273
570	5449	3.8664290696
570	6539	4.1790960629
570	6664	3.1462154478
570	8644	2.76579185923
570	36519	2.55821876809
570	59501	6.17808870563
570	64957	4.42076655131
570	68358	3.00427199901
570	72641	4.28458595008
570	78469	4.97321656125
570	80363	6.48967266995
570	95167	4.08371882691
570	97304	3.83713654127
570	112852	4.24899506899
586	165	3.11269007153
586	480	2.74420620763
586	608	2.95685334492
586	2076	2.93148179766
586	2762	3.89053109255
586	2949	3.62187484904
586	3578	4.46025184571
586	3996	3.70304908271
586	5445	3.05784666928
586	6874	4.10458665338
586	33493	3.71580635858
611	1721	1.54097874703
611	2294	3.30794468895
611	4963	4.3265110115
611	6539	3.27856155692
611	86880	4.60085237986
611	105504	4.54754998387
611	108514	4.62440693196
615	1	3.38100956925
615	60	2.38257582498
615	527	3.86558885533
615	593	3.79733733396
615	745	3.03088817338
615	1036	3.73093639767
615	1200	4.14011242142
615	1201	3.15301246669
615	1208	3.00731639591
615	1214	3.22548535041
615	1261	3.18561112814
615	1291	3.35117667677
615	1625	4.93976105519
615	1687	3.41916696427
615	1721	2.29058651699
615	2329	4.0009360313
615	2791	3.88891041978
615	2792	5.50930355815
615	3147	3.83416803386
615	3623	2.65978148184
615	3948	3.32826279988
615	4008	4.63949561402
615	4025	3.36142404783
615	4308	4.20014467289
615	4886	3.52865146124
615	5218	2.92291492888
615	5952	3.7662982632
615	6711	3.60757857993
615	6874	3.29706334149
615	6942	3.33952263558
615	7143	3.79922241553
615	7254	3.53758389341
615	7361	3.56738177514
615	7373	3.60120230018
615	8368	3.34657391237
615	8784	3.50001531273
615	8874	3.90537387528
615	32587	3.23359700605
615	34048	2.12697564839
615	36529	3.27167915022
615	40815	3.48585927073
615	50872	3.48835742579
615	57640	5.43636945921
615	58559	3.35855358183
615	59387	4.48451215071
615	62394	3.59674527954
615	70336	5.36319734487
615	71211	4.16436392814
615	72998	3.9627358056
615	73268	4.71889081993
615	73321	6.07087655597
615	79695	4.60589663144
615	86835	5.12526349083
615	87232	3.21565220074
615	89470	4.75023532861
615	91529	3.70795237468
615	91974	3.93377131187
615	92420	4.92471673617
615	95309	5.07370809401
615	97306	4.04593772349
615	103228	4.36595192586
615	103253	3.84157637077
615	104374	3.4408691633
615	106487	4.40357642902
615	106782	4.07964253554
615	106916	4.30458353318
615	107406	5.81132340986
615	109673	3.24996162001
615	109848	4.04363051968
615	111384	3.820033785
615	112183	2.75672309531
615	134853	4.27257546672
619	161	4.49381797966
619	165	3.90256948006
619	172	3.93798006136
619	208	1.92350266089
619	316	3.2933283888
619	380	4.11540887512
619	434	3.35842743853
619	590	3.91157395973
631	47	4.14766109379
631	953	5.56997624832
631	1485	3.64249392533
631	1586	3.19760285558
631	1597	3.2873863356
631	1687	3.2478976407
660	593	3.71168460063
660	3751	2.88829853993
660	4993	4.31685606798
660	6807	4.14056702147
660	54001	3.87645504938
660	68358	3.70560374719
660	69844	3.90145838868
660	72998	3.78575187185
660	77561	3.57613576805
660	81834	3.8222180701
660	95510	4.05606812719
660	101864	3.98911309474
660	106072	4.29029211958
660	108932	5.19693599736
660	112852	4.93421305478
660	113378	4.65974426998
660	114180	4.30903573004
660	116823	3.43344000775
